Date,Holiday,special_day,Avg_Temp,Max_Temp,Min_Temp,Season,Month,Day,Lunch_Main_Dish,Dinner_Main_Dish,Lunch_Count,Dinner_Count,MainMenu
2016-02-01,2016,0,-6.0,-1.0,-9.1,겨울,2,월,쇠불고기,자반고등어구이,1039,331,쇠불고기 / 자반고등어구이
2016-02-02,2016,0,-5.3,0.9,-10.0,겨울,2,화,가자미튀김,유산슬,867,560,가자미튀김 / 유산슬
2016-02-03,2016,0,-2.4,4.0,-8.3,겨울,2,수,치킨핑거,황태양념구이,1017,573,치킨핑거 / 황태양념구이
2016-02-04,2016,0,-0.7,3.9,-4.0,겨울,2,목,주꾸미볶음,멕시칸샐러드,978,525,주꾸미볶음 / 멕시칸샐러드
2016-02-05,2016,0,-2.2,3.4,-6.8,겨울,2,금,돈육씨앗강정,닭갈비,925,330,돈육씨앗강정 / 닭갈비
2016-02-11,2016,0,8.1,13.5,1.6,겨울,2,목,훈제오리구이,군만두,1045,550,훈제오리구이 / 군만두
2016-02-12,2016,0,8.4,10.0,6.8,겨울,2,금,돈육굴소스볶음,미니함박,909,598,돈육굴소스볶음 / 미니함박
2016-02-15,2016,0,-5.8,-2.3,-10.0,겨울,2,월,닭감자조림,등갈비김치찜,1268,672,닭감자조림 / 등갈비김치찜
2016-02-16,2016,0,-2.7,1.1,-6.7,겨울,2,화,탕수어,쇠불고기,1014,523,탕수어 / 쇠불고기
2016-02-17,2016,0,0.0,5.4,-5.2,겨울,2,수,쇠고기장조림,새우또띠아,916,588,쇠고기장조림 / 새우또띠아
2016-02-19,2016,0,2.3,4.4,0.1,겨울,2,금,마늘간장치킨,김치전,763,597,마늘간장치킨 / 김치전
2016-02-22,2016,0,1.1,4.2,-2.2,겨울,2,월,갈치구이,떡갈비조림,1298,645,갈치구이 / 떡갈비조림
2016-02-23,2016,0,0.7,4.5,-4.5,겨울,2,화,돈육간장볶음,해물까스&타르타르소스,899,610,돈육간장볶음 / 해물까스&타르타르소스
2016-02-24,2016,0,-3.0,2.2,-6.8,겨울,2,수,소세지피망볶음,매운돼지갈비찜,1022,514,소세지피망볶음 / 매운돼지갈비찜
2016-02-25,2016,0,-0.2,5.7,-5.8,겨울,2,목,닭갈비,교자만두,917,531,닭갈비 / 교자만두
2016-02-26,2016,0,2.2,7.5,-3.2,겨울,2,금,오징어볶음,삼치구이,766,585,오징어볶음 / 삼치구이
2016-02-29,2016,0,-3.8,-1.1,-5.9,겨울,2,월,제육볶음,꽁치한마리구이,869,344,제육볶음 / 꽁치한마리구이
2016-03-02,2016,0,3.1,8.1,-2.2,봄,3,수,주꾸미볶음,버섯불고기,1127,631,주꾸미볶음 / 버섯불고기
2016-03-03,2016,0,8.1,13.9,4.4,봄,3,목,탕수육,떡볶이,1000,473,탕수육 / 떡볶이
2016-03-04,2016,0,13.2,20.3,6.4,봄,3,금,가자미튀김,미트볼조림,837,673,가자미튀김 / 미트볼조림
2016-03-07,2016,0,8.1,12.2,4.8,봄,3,월,닭갈비,돈육굴소스볶음,1326,625,닭갈비 / 돈육굴소스볶음
2016-03-08,2016,0,2.7,7.0,-1.4,봄,3,화,고등어김치말이,수제고로케*케찹,1026,609,고등어김치말이 / 수제고로케*케찹
2016-03-09,2016,0,0.3,5.3,-2.7,봄,3,수,돈육장조림,생선까스*탈탈소스,901,523,돈육장조림 / 생선까스*탈탈소스
2016-03-10,2016,0,-1.1,3.1,-4.3,봄,3,목,닭데리야끼조림,개성감자만두,847,525,닭데리야끼조림 / 개성감자만두
2016-03-11,2016,0,-0.5,4.6,-5.5,봄,3,금,수제돈가스,코다리무조림,728,591,수제돈가스 / 코다리무조림
2016-03-14,2016,0,4.7,9.6,1.3,봄,3,월,돈육고추장볶음,간장찜닭,1286,586,돈육고추장볶음 / 간장찜닭
2016-03-15,2016,0,5.2,12.4,-1.0,봄,3,화,소불고기,참치야채전,958,545,소불고기 / 참치야채전
2016-03-16,2016,0,7.5,13.8,2.7,봄,3,수,미니채소떡갈비,해물청경채볶음,998,531,미니채소떡갈비 / 해물청경채볶음
2016-03-17,2016,0,9.3,14.7,2.0,봄,3,목,탕수어,미니햄버거,832,548,탕수어 / 미니햄버거
2016-03-18,2016,0,13.4,20.1,8.8,봄,3,금,훈제오리구이,임연수찜,757,521,훈제오리구이 / 임연수찜
2016-03-21,2016,0,9.9,16.1,5.5,봄,3,월,버섯불고기,아귀콩나물찜,1030,605,버섯불고기 / 아귀콩나물찜
2016-03-22,2016,0,8.0,13.8,3.5,봄,3,화,코다리강정,찹쌀순대볶음,917,585,코다리강정 / 찹쌀순대볶음
2016-03-23,2016,0,8.2,13.8,3.8,봄,3,수,치킨텐더*요거트D,동그랑땡전,963,544,치킨텐더*요거트D / 동그랑땡전
2016-03-24,2016,0,7.2,12.7,1.6,봄,3,목,쇠고기장조림,군만두,876,507,쇠고기장조림 / 군만두
2016-03-25,2016,0,7.1,12.6,2.1,봄,3,금,자반고등어구이,누룽지탕수육,861,523,자반고등어구이 / 누룽지탕수육
2016-03-28,2016,0,9.8,17.4,2.3,봄,3,월,닭갈비,유산슬,1193,637,닭갈비 / 유산슬
2016-03-29,2016,0,11.3,17.1,7.6,봄,3,화,주꾸미볶음,돈육씨앗강정,892,465,주꾸미볶음 / 돈육씨앗강정
2016-03-30,2016,0,11.5,18.3,7.0,봄,3,수,오징어튀김,등갈비김치찜,1033,463,오징어튀김 / 등갈비김치찜
2016-03-31,2016,0,13.5,21.4,6.0,봄,3,목,돈육굴소스볶음,또띠아피자,781,526,돈육굴소스볶음 / 또띠아피자
2016-04-01,2016,0,15.3,23.8,7.3,봄,4,금,갈치조림,순살깐풍기,661,591,갈치조림 / 순살깐풍기
2016-04-04,2016,0,12.3,19.8,5.1,봄,4,월,쇠불고기,고등어조림,1237,614,쇠불고기 / 고등어조림
2016-04-05,2016,0,11.4,18.1,5.9,봄,4,화,오징어볶음*소면,감자치즈구이,840,555,오징어볶음*소면 / 감자치즈구이
2016-04-06,2016,0,14.4,22.9,6.6,봄,4,수,제육볶음,찜닭,876,492,제육볶음 / 찜닭
2016-04-07,2016,0,14.1,20.6,10.5,봄,4,목,매운돼지갈비찜,야채튀김,853,524,매운돼지갈비찜 / 야채튀김
2016-04-08,2016,0,11.1,18.7,7.8,봄,4,금,순살양념치킨,미니함박,764,542,순살양념치킨 / 미니함박
2016-04-11,2016,0,12.5,19.4,5.7,봄,4,월,훈제오리구이,가자미찜,1225,536,훈제오리구이 / 가자미찜
2016-04-12,2016,0,14.1,19.4,10.3,봄,4,화,쇠고기단호박조림,떡볶이,771,500,쇠고기단호박조림 / 떡볶이
2016-04-15,2016,0,15.0,23.1,8.1,봄,4,금,닭데리야끼조림,수제돈가스,579,582,닭데리야끼조림 / 수제돈가스
2016-04-18,2016,0,11.2,18.6,7.1,봄,4,월,돈육강정,유산슬,1120,525,돈육강정 / 유산슬
2016-04-19,2016,0,12.0,19.2,6.5,봄,4,화,꽁치한마리구이,새싹피자,980,449,꽁치한마리구이 / 새싹피자
2016-04-20,2016,0,14.3,20.9,10.1,봄,4,수,매콤떡갈비조림,닭볶음탕,849,504,매콤떡갈비조림 / 닭볶음탕
2016-04-21,2016,0,13.5,16.9,10.3,봄,4,목,쇠고기볶음,해물까스*탈탈소스,940,531,쇠고기볶음 / 해물까스*탈탈소스
2016-04-22,2016,0,13.5,18.6,10.1,봄,4,금,등갈비김치찜,탕수어,698,557,등갈비김치찜 / 탕수어
2016-04-25,2016,0,17.2,25.3,10.2,봄,4,월,돈간장불고기,순살깐풍기,1227,528,돈간장불고기 / 순살깐풍기
2016-04-26,2016,0,21.1,29.6,12.1,봄,4,화,주꾸미볶음,쇠고기퀘사디아,795,568,주꾸미볶음 / 쇠고기퀘사디아
2016-04-27,2016,0,17.2,20.7,14.5,봄,4,수,궁중떡찜,코다리무조림,1028,490,궁중떡찜 / 코다리무조림
2016-04-28,2016,0,17.2,23.0,12.4,봄,4,목,양념파닭,가쯔오장국,811,508,양념파닭 / 가쯔오장국
2016-04-29,2016,0,16.2,22.6,10.9,봄,4,금,미트볼조림,고추잡채*꽃빵,652,507,미트볼조림 / 고추잡채*꽃빵
2016-05-02,2016,0,21.1,28.4,16.5,봄,5,월,닭갈비,고추장불고기,1242,551,닭갈비 / 고추장불고기
2016-05-03,2016,0,12.9,17.6,8.9,봄,5,화,모둠장조림,탕수육,964,515,모둠장조림 / 탕수육
2016-05-04,2016,0,15.7,20.6,10.2,봄,5,수,오징어볶음,수제미니햄버거,723,636,오징어볶음 / 수제미니햄버거
2016-05-09,2016,0,20.2,25.4,16.3,봄,5,월,훈제오리구이,가자미튀김,1216,591,훈제오리구이 / 가자미튀김
2016-05-10,2016,0,14.5,18.1,12.5,봄,5,화,버섯불고기,찹쌀순대볶음,1008,519,버섯불고기 / 찹쌀순대볶음
2016-05-11,2016,0,16.4,23.5,10.4,봄,5,수,돈육칠리강정,해물누룽지탕,915,423,돈육칠리강정 / 해물누룽지탕
2016-05-12,2016,0,17.8,24.0,12.1,봄,5,목,찜닭,멕시칸샐러드,753,532,찜닭 / 멕시칸샐러드
2016-05-13,2016,0,18.6,25.4,12.7,봄,5,금,매운돼지갈비찜,코다리강정,761,517,매운돼지갈비찜 / 코다리강정
2016-05-16,2016,0,15.9,21.9,10.8,봄,5,월,돈육굴소스볶음,주꾸미볶음,1180,594,돈육굴소스볶음 / 주꾸미볶음
2016-05-17,2016,0,19.3,26.6,10.9,봄,5,화,고등어김치말이,떡볶이,899,633,고등어김치말이 / 떡볶이
2016-05-18,2016,0,22.3,29.5,13.5,봄,5,수,치킨핑거,황태양념구이,856,456,치킨핑거 / 황태양념구이
2016-05-19,2016,0,24.3,31.9,16.3,봄,5,목,미니채소떡갈비,사천식탕수육,898,529,미니채소떡갈비 / 사천식탕수육
2016-05-20,2016,0,24.0,31.6,16.8,봄,5,금,닭오븐구이,꽁치허브구이,653,487,닭오븐구이 / 꽁치허브구이
2016-05-23,2016,0,23.3,29.4,18.3,봄,5,월,쇠고기불고기,데리야끼파닭,1160,613,쇠고기불고기 / 데리야끼파닭
2016-05-24,2016,0,16.8,21.8,15.4,봄,5,화,꼬지삼색전,고구마치즈구이,1107,465,꼬지삼색전 / 고구마치즈구이
2016-05-25,2016,0,19.7,24.4,15.3,봄,5,수,탕수어,등갈비김치찜,938,454,탕수어 / 등갈비김치찜
2016-05-26,2016,0,19.4,22.9,17.5,봄,5,목,갈치구이,춘권*칠리소스,783,520,갈치구이 / 춘권*칠리소스
2016-05-27,2016,0,20.9,27.1,14.8,봄,5,금,닭양념조림,돈육청경채볶음,660,493,닭양념조림 / 돈육청경채볶음
2016-05-30,2016,0,22.1,28.9,16.9,봄,5,월,누룽지탕수육,미니함박조림,1231,631,누룽지탕수육 / 미니함박조림
2016-05-31,2016,0,21.6,27.6,17.4,봄,5,화,닭갈비,수제고로케*케찹,921,535,닭갈비 / 수제고로케*케찹
2016-06-01,2016,0,23.3,29.9,17.1,여름,6,수,오징어튀김,고추장불고기,916,490,오징어튀김 / 고추장불고기
2016-06-02,2016,0,23.2,29.1,17.2,여름,6,목,모둠장조림,고추잡채*꽃빵,850,483,모둠장조림 / 고추잡채*꽃빵
2016-06-03,2016,0,22.2,27.7,17.6,여름,6,금,찜닭,수제돈까스,721,548,찜닭 / 수제돈까스
2016-06-07,2016,0,21.7,25.9,19.6,여름,6,화,돈육굴소스볶음,미트볼케찹조림,1244,629,돈육굴소스볶음 / 미트볼케찹조림
2016-06-08,2016,0,22.1,27.7,18.2,여름,6,수,순살깐풍기,자반고등어구이,931,500,순살깐풍기 / 자반고등어구이
2016-06-09,2016,0,24.1,31.3,17.8,여름,6,목,돼지갈비찜,오징어무침,829,506,돼지갈비찜 / 오징어무침
2016-06-10,2016,0,24.6,31.3,20.2,여름,6,금,오징어볶음,버섯불고기,697,509,오징어볶음 / 버섯불고기
2016-06-13,2016,0,23.5,29.6,19.4,여름,6,월,제육볶음,삼치데리야끼구이,1243,590,제육볶음 / 삼치데리야끼구이
2016-06-14,2016,0,23.8,29.5,19.7,여름,6,화,닭양념조림,훈제오리냉채,973,593,닭양념조림 / 훈제오리냉채
2016-06-15,2016,0,20.9,24.5,17.4,여름,6,수,떡갈비조림,해물청경채볶음,984,535,떡갈비조림 / 해물청경채볶음
2016-06-16,2016,0,20.9,24.9,18.6,여름,6,목,가자미양념찜,치킨핑거*요거트D,800,524,가자미양념찜 / 치킨핑거*요거트D
2016-06-17,2016,0,23.8,29.1,18.6,여름,6,금,돈육강정,유산슬,694,484,돈육강정 / 유산슬
2016-06-20,2016,0,24.7,30.7,19.6,여름,6,월,레몬탕수육,쇠불고기,1146,585,레몬탕수육 / 쇠불고기
2016-06-21,2016,0,26.0,31.3,21.0,여름,6,화,간장치킨,콘샐러드,1091,645,간장치킨 / 콘샐러드
2016-06-22,2016,0,24.3,30.2,20.9,여름,6,수,돈삼겹보쌈,찹쌀순대볶음,1022,467,돈삼겹보쌈 / 찹쌀순대볶음
2016-06-23,2016,0,24.7,29.4,19.6,여름,6,목,매콤낙지볶음,양송이스프,877,588,매콤낙지볶음 / 양송이스프
2016-06-24,2016,0,23.1,25.7,21.1,여름,6,금,목살데리야끼구이,해물누룽지탕,805,475,목살데리야끼구이 / 해물누룽지탕
2016-06-27,2016,0,24.4,29.5,19.9,여름,6,월,훈제오리구이,모둠장조림,1142,609,훈제오리구이 / 모둠장조림
2016-06-28,2016,0,24.7,29.7,20.4,여름,6,화,고등어구이,탕수만두,917,535,고등어구이 / 탕수만두
2016-06-29,2016,0,25.3,30.2,20.9,여름,6,수,간장돼지갈비찜,아귀콩나물찜,820,487,간장돼지갈비찜 / 아귀콩나물찜
2016-06-30,2016,0,24.6,26.9,23.0,여름,6,목,닭오븐구이,감자버터구이,886,446,닭오븐구이 / 감자버터구이
2016-07-01,2016,0,24.0,26.6,22.0,여름,7,금,유자청제육볶음,깐풍기,879,513,유자청제육볶음 / 깐풍기
2016-07-04,2016,0,21.8,24.1,20.2,여름,7,월,버섯불고기,닭볶음탕,1292,582,버섯불고기 / 닭볶음탕
2016-07-05,2016,0,23.1,24.8,20.2,여름,7,화,꽁치김치말이찜,탕수어,952,551,꽁치김치말이찜 / 탕수어
2016-07-06,2016,0,22.9,26.9,20.3,여름,7,수,닭강정,오징어볶음,939,484,닭강정 / 오징어볶음
2016-07-07,2016,0,24.0,28.5,20.1,여름,7,목,갈치조림,단호박스프,857,494,갈치조림 / 단호박스프
2016-07-08,2016,0,27.3,32.4,21.2,여름,7,금,갈릭돈까스,고추잡채*꽃빵,863,534,갈릭돈까스 / 고추잡채*꽃빵
2016-07-11,2016,0,28.4,33.4,24.8,여름,7,월,돈육굴소스볶음,가자미튀김,1115,630,돈육굴소스볶음 / 가자미튀김
2016-07-12,2016,0,26.3,30.9,22.1,여름,7,화,순살파닭,수제핫도그,919,519,순살파닭 / 수제핫도그
2016-07-13,2016,0,26.3,29.5,23.2,여름,7,수,사천식탕수육,황태양념구이,866,483,사천식탕수육 / 황태양념구이
2016-07-14,2016,0,27.5,32.4,24.0,여름,7,목,매운주꾸미볶음,과일샐러드,781,550,매운주꾸미볶음 / 과일샐러드
2016-07-15,2016,0,26.2,29.2,23.7,여름,7,금,등갈비김치찜,쇠고기장조림,867,503,등갈비김치찜 / 쇠고기장조림
2016-07-18,2016,0,24.4,28.4,20.7,여름,7,월,돈육떡강정,고등어카레구이,1158,596,돈육떡강정 / 고등어카레구이
2016-07-19,2016,0,27.1,32.4,20.9,여름,7,화,목살데리야끼,너비아니*부추생채,888,424,목살데리야끼 / 너비아니*부추생채
2016-07-20,2016,0,28.6,32.9,24.0,여름,7,수,미트볼조림,치킨핑거,844,443,미트볼조림 / 치킨핑거
2016-07-21,2016,0,28.3,32.2,24.9,여름,7,목,고추장불고기,유산슬,733,446,고추장불고기 / 유산슬
2016-07-22,2016,0,29.1,34.1,25.3,여름,7,금,고구마치즈구이,깐풍기,661,501,고구마치즈구이 / 깐풍기
2016-07-25,2016,0,28.4,31.4,26.4,여름,7,월,불닭볶음,돈까스,1086,584,불닭볶음 / 돈까스
2016-07-26,2016,0,28.4,31.9,25.6,여름,7,화,미니채소떡갈비,오징어무침,927,582,미니채소떡갈비 / 오징어무침
2016-07-27,2016,1,27.6,28.9,26.7,여름,7,수,동파삼겹수육,닭볶음탕,872,423,동파삼겹수육 / 닭볶음탕
2016-07-28,2016,0,28.0,30.5,26.7,여름,7,목,훈제오리냉채,순대야채볶음,816,434,훈제오리냉채 / 순대야채볶음
2016-07-29,2016,0,26.3,28.4,23.4,여름,7,금,꽁치오븐구이,등뼈묵은지찜,671,472,꽁치오븐구이 / 등뼈묵은지찜
2016-08-01,2016,0,28.4,32.4,25.8,여름,8,월,갈치구이,소불고기,1055,510,갈치구이 / 소불고기
2016-08-02,2016,0,27.2,31.1,25.0,여름,8,화,꽃맛살볶음,모둠장조림,829,515,꽃맛살볶음 / 모둠장조림
2016-08-03,2016,0,29.1,34.2,24.0,여름,8,수,레몬탕수육,소고기퀘사디아,802,363,레몬탕수육 / 소고기퀘사디아
2016-08-04,2016,0,30.7,35.7,26.0,여름,8,목,닭데리야끼조림,떡볶이,671,456,닭데리야끼조림 / 떡볶이
2016-08-05,2016,0,31.2,36.0,26.5,여름,8,금,매콤돼지갈비찜,쭈꾸미볶음,641,448,매콤돼지갈비찜 / 쭈꾸미볶음
2016-08-08,2016,0,30.5,35.5,26.4,여름,8,월,유자청제육볶음,찜닭,1038,480,유자청제육볶음 / 찜닭
2016-08-09,2016,0,29.3,33.6,26.4,여름,8,화,미니함박조림,멕시칸샐러드,874,470,미니함박조림 / 멕시칸샐러드
2016-08-10,2016,0,29.4,34.8,26.1,여름,8,수,장어강정,해물청경채볶음,842,451,장어강정 / 해물청경채볶음
2016-08-11,2016,0,30.5,36.4,26.1,여름,8,목,삼겹살오븐구이,치킨텐더,845,530,삼겹살오븐구이 / 치킨텐더
2016-08-12,2016,0,30.4,35.9,26.4,여름,8,금,새우까스&탈탈소스,삼치된장구이,708,410,새우까스&탈탈소스 / 삼치된장구이
2016-08-16,2016,1,29.3,34.9,26.2,여름,8,화,고등어조림,과일샐러드,1023,561,고등어조림 / 과일샐러드
2016-08-17,2016,0,29.9,34.7,25.1,여름,8,수,오징어볶음,돈육굴소스볶음,924,465,오징어볶음 / 돈육굴소스볶음
2016-08-18,2016,0,29.9,34.3,26.2,여름,8,목,갈릭돈가스,왕새우튀김,943,574,갈릭돈가스 / 왕새우튀김
2016-08-19,2016,0,28.9,33.2,26.6,여름,8,금,소고기숙주볶음,훈제오리/무쌈/양파절임,754,532,소고기숙주볶음 / 훈제오리/무쌈/양파절임
2016-08-22,2016,0,30.7,36.3,25.8,여름,8,월,고추잡채*꽃빵,돈육볶음,1266,729,고추잡채*꽃빵 / 돈육볶음
2016-08-23,2016,0,28.3,33.0,26.0,여름,8,화,칠리탕수육,허니버터옥수수,1145,563,칠리탕수육 / 허니버터옥수수
2016-08-24,2016,0,29.1,32.9,26.4,여름,8,수,닭볶음,등갈비김치찜,941,588,닭볶음 / 등갈비김치찜
2016-08-25,2016,0,27.1,32.2,24.0,여름,8,목,동태무조림,춘권,885,508,동태무조림 / 춘권
2016-08-26,2016,0,23.0,28.2,19.5,여름,8,금,마늘치킨,주꾸미볶음,813,489,마늘치킨 / 주꾸미볶음
2016-08-29,2016,0,22.2,27.1,17.4,여름,8,월,소불고기,닭갈비,1258,568,소불고기 / 닭갈비
2016-08-30,2016,0,20.6,24.5,17.9,여름,8,화,갈치구이,수제고로케*케찹,901,514,갈치구이 / 수제고로케*케찹
2016-08-31,2016,0,17.7,19.2,16.1,여름,8,수,계란말이,깐풍육,915,498,계란말이 / 깐풍육
2016-09-01,2016,0,23.2,28.6,15.8,가을,9,목,목살데리야끼,고구마치즈구이,953,468,목살데리야끼 / 고구마치즈구이
2016-09-02,2016,0,24.2,29.0,20.6,가을,9,금,닭찜,돈육장조림,832,460,닭찜 / 돈육장조림
2016-09-05,2016,0,26.4,31.1,23.0,가을,9,월,오징어볶음,제육볶음,1164,554,오징어볶음 / 제육볶음
2016-09-06,2016,0,24.7,29.0,21.0,가을,9,화,가자미카레튀김,멕시칸샐러드,784,560,가자미카레튀김 / 멕시칸샐러드
2016-09-07,2016,0,24.3,28.6,20.9,가을,9,수,돈육떡강정,닭오븐구이,926,504,돈육떡강정 / 닭오븐구이
2016-09-08,2016,0,23.0,26.5,21.5,가을,9,목,오리고추장볶음,새우까스*타르타르,758,548,오리고추장볶음 / 새우까스*타르타르
2016-09-09,2016,0,23.9,29.3,19.7,가을,9,금,유린기,자반고등어구이,682,485,유린기 / 자반고등어구이
2016-09-12,2016,0,23.4,27.5,21.4,가을,9,월,닭볶음,미니햄버거,924,504,닭볶음 / 미니햄버거
2016-09-13,2016,0,24.6,30.8,19.6,가을,9,화,매운돼지갈비찜,주꾸미볶음,820,238,매운돼지갈비찜 / 주꾸미볶음
2016-09-19,2016,0,21.9,27.8,18.2,가을,9,월,오리훈제고추장볶음,탕평채,1271,662,오리훈제고추장볶음 / 탕평채
2016-09-20,2016,0,20.6,26.8,15.4,가을,9,화,레몬탕수육,장어강정,1039,627,레몬탕수육 / 장어강정
2016-09-21,2016,0,20.2,25.3,14.3,가을,9,수,너비아니구이,쇠고기모둠장조림,1068,603,너비아니구이 / 쇠고기모둠장조림
2016-09-22,2016,0,21.9,27.2,17.5,가을,9,목,임연수찜,모듬떡볶이,891,533,임연수찜 / 모듬떡볶이
2016-09-23,2016,0,21.4,27.9,16.4,가을,9,금,소고기숙주볶음,수제돈까스,716,562,소고기숙주볶음 / 수제돈까스
2016-09-26,2016,0,23.6,28.9,19.7,가을,9,월,유자청돈육볶음,갈치조림,1185,710,유자청돈육볶음 / 갈치조림
2016-09-27,2016,0,21.0,23.8,19.1,가을,9,화,간장파닭,탕수어,1033,550,간장파닭 / 탕수어
2016-09-28,2016,0,19.9,21.8,18.7,가을,9,수,샐러드파스타,미니채소떡갈비,1128,591,샐러드파스타 / 미니채소떡갈비
2016-09-29,2016,0,20.4,24.8,18.2,가을,9,목,돈육장조림,오징어무침,1044,622,돈육장조림 / 오징어무침
2016-09-30,2016,0,20.5,23.5,17.7,가을,9,금,꽁치한마리구이,돈육강정,843,539,꽁치한마리구이 / 돈육강정
2016-10-04,2016,0,22.0,29.0,15.6,가을,10,화,버섯불고기,닭볶음,1262,902,버섯불고기 / 닭볶음
2016-10-05,2016,0,21.1,27.2,17.5,가을,10,수,매운주꾸미볶음,미니함박조림,1336,905,매운주꾸미볶음 / 미니함박조림
2016-10-06,2016,0,18.0,23.5,13.6,가을,10,목,한방소갈비찜,군만두,1196,352,한방소갈비찜 / 군만두
2016-10-07,2016,0,19.7,24.8,16.5,가을,10,금,표고돈육탕수,코다리엿장조림,843,554,표고돈육탕수 / 코다리엿장조림
2016-10-10,2016,0,14.0,21.4,7.4,가을,10,월,오징어볶음,돈육굴소스볶음,1180,546,오징어볶음 / 돈육굴소스볶음
2016-10-11,2016,0,15.4,21.1,10.0,가을,10,화,목살스테이크,궁중떡볶음,1014,522,목살스테이크 / 궁중떡볶음
2016-10-12,2016,0,15.5,20.7,11.4,가을,10,수,생선커틀릿,닭오븐구이,951,527,생선커틀릿 / 닭오븐구이
2016-10-13,2016,0,15.2,21.9,9.3,가을,10,목,마늘치킨,찹쌀순대볶음,1051,667,마늘치킨 / 찹쌀순대볶음
2016-10-14,2016,0,16.7,23.5,10.5,가을,10,금,등갈비김치찜,탕수어,898,544,등갈비김치찜 / 탕수어
2016-10-17,2016,0,17.5,21.7,14.5,가을,10,월,소불고기,닭매운찜,1196,527,소불고기 / 닭매운찜
2016-10-18,2016,0,17.0,24.0,11.2,가을,10,화,미트볼칠리조림,개성감자만두,994,544,미트볼칠리조림 / 개성감자만두
2016-10-19,2016,0,18.0,24.3,14.0,가을,10,수,유린기,돼지갈비찜,933,475,유린기 / 돼지갈비찜
2016-10-20,2016,0,18.6,25.8,12.9,가을,10,목,꽁치김치말이,샐러드파스타,787,564,꽁치김치말이 / 샐러드파스타
2016-10-21,2016,0,17.9,22.0,15.7,가을,10,금,사천식탕수육,해물청경채볶음,760,442,사천식탕수육 / 해물청경채볶음
2016-10-24,2016,0,15.1,20.6,9.0,가을,10,월,제육볶음,닭강정,1171,600,제육볶음 / 닭강정
2016-10-25,2016,0,14.1,17.5,12.5,가을,10,화,갈치구이,훈제오리냉채,1028,559,갈치구이 / 훈제오리냉채
2016-10-26,2016,0,13.3,16.3,10.5,가을,10,수,데리야끼파닭,가자미찜,854,410,데리야끼파닭 / 가자미찜
2016-10-27,2016,0,14.6,20.9,8.6,가을,10,목,돈육장조림,유산슬,807,454,돈육장조림 / 유산슬
2016-10-28,2016,0,14.6,18.4,10.2,가을,10,금,고등어조림,떡갈비조림,731,475,고등어조림 / 떡갈비조림
2016-10-31,2016,0,5.7,8.2,0.7,가을,10,월,쇠고기숙주볶음,삼치구이,1224,540,쇠고기숙주볶음 / 삼치구이
2016-11-01,2016,0,1.5,6.6,-2.4,가을,11,화,닭갈비,군만두,1087,578,닭갈비 / 군만두
2016-11-02,2016,0,4.1,10.5,-2.7,가을,11,수,훈제오리/무쌈,동파삼겹수육,1006,540,훈제오리/무쌈 / 동파삼겹수육
2016-11-03,2016,0,9.1,14.1,4.2,가을,11,목,쭈꾸미볶음,새우또띠아/음료,864,553,쭈꾸미볶음 / 새우또띠아/음료
2016-11-04,2016,0,12.3,15.7,8.2,가을,11,금,명태엿장조림,돈육굴소스볶음,803,497,명태엿장조림 / 돈육굴소스볶음
2016-11-07,2016,0,12.8,17.8,8.5,가을,11,월,유자청제육볶음,가자미튀김,1156,506,유자청제육볶음 / 가자미튀김
2016-11-08,2016,0,4.1,8.4,0.4,가을,11,화,순살양념치킨,언양식불고기,986,512,순살양념치킨 / 언양식불고기
2016-11-09,2016,0,2.1,8.6,-3.2,가을,11,수,고추잡채*꽃빵,고등어양념구이,920,499,고추잡채*꽃빵 / 고등어양념구이
2016-11-10,2016,0,6.0,9.8,1.5,가을,11,목,쇠고기장조림,해물볶음우동,795,513,쇠고기장조림 / 해물볶음우동
2016-11-11,2016,0,9.1,14.2,6.2,가을,11,금,칠리탕수육,미트볼떡조림,652,426,칠리탕수육 / 미트볼떡조림
2016-11-14,2016,0,13.2,15.8,10.2,가을,11,월,소고기버섯볶음,매운돼지갈비찜,1260,539,소고기버섯볶음 / 매운돼지갈비찜
2016-11-15,2016,0,5.2,10.2,2.5,가을,11,화,닭데리야끼조림,미니햄버거,914,418,닭데리야끼조림 / 미니햄버거
2016-11-16,2016,0,5.2,12.0,0.0,가을,11,수,유산슬,수제돈까스,888,463,유산슬 / 수제돈까스
2016-11-17,2016,0,9.1,16.5,4.0,가을,11,목,해물김치전,떡볶이,882,551,해물김치전 / 떡볶이
2016-11-18,2016,0,10.3,14.6,4.9,가을,11,금,순살깐풍기,탕수어,730,388,순살깐풍기 / 탕수어
2016-11-21,2016,0,9.5,14.6,5.1,가을,11,월,누룽지탕수육,등갈비김치찜,1235,616,누룽지탕수육 / 등갈비김치찜
2016-11-22,2016,0,2.0,8.4,-2.1,가을,11,화,쇠고기숙주볶음,새우까스*탈탈소스,1046,580,쇠고기숙주볶음 / 새우까스*탈탈소스
2016-11-23,2016,0,-1.8,3.6,-4.8,가을,11,수,파닭,쭈꾸미볶음,891,482,파닭 / 쭈꾸미볶음
2016-11-24,2016,0,-2.5,2.4,-6.2,가을,11,목,짬뽕불고기,또띠아피자,870,498,짬뽕불고기 / 또띠아피자
2016-11-25,2016,0,1.0,6.0,-3.5,가을,11,금,통감자오븐구이,장어강정,720,392,통감자오븐구이 / 장어강정
2016-11-28,2016,0,1.4,5.6,-1.4,가을,11,월,오징어볶음,닭강정,1246,623,오징어볶음 / 닭강정
2016-11-29,2016,0,1.7,8.6,-2.8,가을,11,화,제육볶음,야채튀김,900,587,제육볶음 / 야채튀김
2016-12-01,2016,0,4.1,7.0,-1.0,겨울,12,목,모둠장조림,수제고로케*케찹,956,571,모둠장조림 / 수제고로케*케찹
2016-12-02,2016,0,1.6,7.9,-3.5,겨울,12,금,양념찜닭,미니함박조림,766,448,양념찜닭 / 미니함박조림
2016-12-05,2016,0,5.9,10.3,0.5,겨울,12,월,훈제오리구이,소고기숙주볶음,1110,560,훈제오리구이 / 소고기숙주볶음
2016-12-06,2016,0,-1.1,4.3,-4.2,겨울,12,화,삼겹살오븐구이,단호박조림,930,593,삼겹살오븐구이 / 단호박조림
2016-12-07,2016,0,1.7,7.5,-2.7,겨울,12,수,해물누룽지탕,유린기,895,468,해물누룽지탕 / 유린기
2016-12-08,2016,0,2.1,6.1,-3.0,겨울,12,목,양념돼지갈비찜,해물볶음우동,787,512,양념돼지갈비찜 / 해물볶음우동
2016-12-09,2016,0,1.4,4.2,-2.9,겨울,12,금,삼치무조림,주꾸미볶음,621,416,삼치무조림 / 주꾸미볶음
2016-12-12,2016,0,2.3,6.3,-3.0,겨울,12,월,돈육굴소스볶음,유산슬,1069,544,돈육굴소스볶음 / 유산슬
2016-12-13,2016,0,3.4,8.8,-0.4,겨울,12,화,코다리강정,토마토스파게티,770,482,코다리강정 / 토마토스파게티
2016-12-14,2016,0,-1.4,-0.1,-2.3,겨울,12,수,고구마튀김,간장찜닭,904,441,고구마튀김 / 간장찜닭
2016-12-15,2016,0,-5.0,-1.5,-7.6,겨울,12,목,오리고추장볶음,해물떡볶이,850,499,오리고추장볶음 / 해물떡볶이
2016-12-16,2016,0,-4.7,0.0,-9.8,겨울,12,금,갈치구이,등갈비김치찜,699,518,갈치구이 / 등갈비김치찜
2016-12-19,2016,0,7.2,12.0,4.3,겨울,12,월,짬뽕불고기,탕수어,1215,482,짬뽕불고기 / 탕수어
2016-12-20,2016,0,7.6,13.6,4.4,겨울,12,화,고추잡채*꽃빵,오징어무침,790,461,고추잡채*꽃빵 / 오징어무침
2016-12-21,2016,0,7.9,12.6,4.1,겨울,12,수,마늘간장치킨,돈육장조림,929,494,마늘간장치킨 / 돈육장조림
2016-12-22,2016,0,5.5,11.0,1.5,겨울,12,목,쇠고기버섯볶음,사천식탕수육,524,213,쇠고기버섯볶음 / 사천식탕수육
2016-12-23,2016,0,-2.5,1.5,-4.4,겨울,12,금,떡갈비조림,궁중떡볶음,560,398,떡갈비조림 / 궁중떡볶음
2016-12-26,2016,0,2.5,4.4,1.3,겨울,12,월,돈육간장불고기,가자미양념찜,1192,328,돈육간장불고기 / 가자미양념찜
2016-12-27,2016,0,-2.3,1.3,-6.3,겨울,12,화,닭갈비,돈육강정,823,314,닭갈비 / 돈육강정
2016-12-28,2016,0,-3.7,2.6,-8.4,겨울,12,수,미트볼케찹조림,*,767,0,미트볼케찹조림 / *
2016-12-29,2016,0,-4.2,-1.1,-7.2,겨울,12,목,오징어볶음*소면,쇠고기퀘사디아,711,343,오징어볶음*소면 / 쇠고기퀘사디아
2016-12-30,2016,0,-3.9,1.0,-9.1,겨울,12,금,수제돈까스,닭볶음탕,658,275,수제돈까스 / 닭볶음탕
2017-01-02,2017,0,5.0,9.2,1.8,겨울,1,월,쇠고기낙지볶음,목살간장조림,1273,559,쇠고기낙지볶음 / 목살간장조림
2017-01-03,2017,0,2.0,7.7,-2.3,겨울,1,화,매운동태찜,수제고로케,1041,364,매운동태찜 / 수제고로케
2017-01-04,2017,0,3.9,8.9,1.0,겨울,1,수,동그랑땡전,닭데리야끼구이,949,427,동그랑땡전 / 닭데리야끼구이
2017-01-05,2017,0,3.8,7.3,-0.1,겨울,1,목,굴비구이,류산슬,1000,531,굴비구이 / 류산슬
2017-01-06,2017,0,5.4,11.4,2.5,겨울,1,금,레몬탕수육,등갈비묵은지찜,830,523,레몬탕수육 / 등갈비묵은지찜
2017-01-09,2017,0,1.5,4.3,-3.1,겨울,1,월,동파육,양파치킨,1322,620,동파육 / 양파치킨
2017-01-10,2017,0,-3.7,1.1,-7.4,겨울,1,화,주꾸미떡볶음,로제스파게티,1186,533,주꾸미떡볶음 / 로제스파게티
2017-01-11,2017,0,-3.8,1.5,-9.4,겨울,1,수,생선까스,제육볶음,1039,514,생선까스 / 제육볶음
2017-01-12,2017,0,-2.2,1.0,-6.1,겨울,1,목,매운닭찜,삼치된장구이,976,416,매운닭찜 / 삼치된장구이
2017-01-13,2017,0,-6.0,-1.4,-8.6,겨울,1,금,미니함박조림,소고기장조림,791,533,미니함박조림 / 소고기장조림
2017-01-16,2017,0,-3.8,4.0,-8.9,겨울,1,월,오징어볶음*소면,매운돼지갈비찜,1273,571,오징어볶음*소면 / 매운돼지갈비찜
2017-01-17,2017,0,-2.0,3.4,-7.1,겨울,1,화,쇠고기숙주볶음,닭강정,1035,469,쇠고기숙주볶음 / 닭강정
2017-01-18,2017,0,-0.5,2.8,-3.0,겨울,1,수,훈제오리구이,갈치양념조림,863,394,훈제오리구이 / 갈치양념조림
2017-01-19,2017,0,-1.2,4.7,-4.9,겨울,1,목,유자청돈육볶음,펜네베이컨샐러드,866,499,유자청돈육볶음 / 펜네베이컨샐러드
2017-01-20,2017,0,-4.4,-1.4,-7.8,겨울,1,금,가자미카레튀김,해물청경채볶음,709,446,가자미카레튀김 / 해물청경채볶음
2017-01-23,2017,0,-8.9,-4.1,-12.6,겨울,1,월,닭볶음,버섯탕수,1152,509,닭볶음 / 버섯탕수
2017-01-24,2017,0,-7.0,-1.3,-11.6,겨울,1,화,돈육간장불고기,쇠고기퀘사디아,974,396,돈육간장불고기 / 쇠고기퀘사디아
2017-01-26,2017,0,-1.3,3.4,-7.9,겨울,1,목,소갈비찜,돈육강정,844,147,소갈비찜 / 돈육강정
2017-01-31,2017,0,-5.4,0.2,-9.9,겨울,1,화,언양식불고기*양파채,해물까스*탈탈소스,1240,680,언양식불고기*양파채 / 해물까스*탈탈소스
2017-02-01,2017,0,-4.0,0.7,-7.5,겨울,2,수,고추장불고기,장어강정,1260,566,고추장불고기 / 장어강정
2017-02-02,2017,0,-2.7,3.3,-9.2,겨울,2,목,스위트칠리미트볼,야채튀김,1005,549,스위트칠리미트볼 / 야채튀김
2017-02-03,2017,0,1.5,6.7,-2.3,겨울,2,금,소고기낙지볶음,고등어김치말이,854,582,소고기낙지볶음 / 고등어김치말이
2017-02-06,2017,0,-1.7,2.6,-4.4,겨울,2,월,닭갈비,탕수어,1319,768,닭갈비 / 탕수어
2017-02-07,2017,0,-2.0,3.0,-5.6,겨울,2,화,유산슬,돈육굴소스볶음,1114,554,유산슬 / 돈육굴소스볶음
2017-02-08,2017,0,-2.2,0.6,-4.9,겨울,2,수,닭오븐구이,삼겹살구이,1068,548,닭오븐구이 / 삼겹살구이
2017-02-09,2017,0,-5.3,-2.1,-7.1,겨울,2,목,수제돈까스,순대오징어볶음,953,583,수제돈까스 / 순대오징어볶음
2017-02-10,2017,0,-6.6,-2.5,-9.3,겨울,2,금,굴비구이,미니함박조림,797,505,굴비구이 / 미니함박조림
2017-02-13,2017,0,0.1,6.1,-5.4,겨울,2,월,제육볶음,고등어구이,1364,689,제육볶음 / 고등어구이
2017-02-14,2017,0,0.3,6.5,-4.0,겨울,2,화,주꾸미볶음,사천식탕수육,997,566,주꾸미볶음 / 사천식탕수육
2017-02-15,2017,0,1.8,8.0,-3.9,겨울,2,수,순살파닭,돈육장조림,1045,505,순살파닭 / 돈육장조림
2017-02-16,2017,0,5.5,10.3,-1.9,겨울,2,목,소불고기,치킨텐더,968,567,소불고기 / 치킨텐더
2017-02-17,2017,0,0.8,9.0,-5.2,겨울,2,금,등갈비김치찜,고추잡채*꽃빵,753,494,등갈비김치찜 / 고추잡채*꽃빵
2017-02-20,2017,0,-1.5,5.4,-5.2,겨울,2,월,동파육,간장찜닭,1216,648,동파육 / 간장찜닭
2017-02-21,2017,0,-0.6,6.9,-7.6,겨울,2,화,낙지볶음,쇠고기퀘사디아,1004,559,낙지볶음 / 쇠고기퀘사디아
2017-02-22,2017,0,1.7,2.9,-0.9,겨울,2,수,생선까스*탈탈소스,*,1065,0,생선까스*탈탈소스 / *
2017-02-23,2017,0,-1.5,2.1,-4.2,겨울,2,목,돼지갈비찜,케이준샐러드,917,534,돼지갈비찜 / 케이준샐러드
2017-02-24,2017,0,-0.8,4.4,-5.8,겨울,2,금,깐풍기,가자미양념찜,698,463,깐풍기 / 가자미양념찜
2017-02-27,2017,0,3.7,10.7,-1.8,겨울,2,월,훈제오리구이,짬뽕불고기,1141,563,훈제오리구이 / 짬뽕불고기
2017-02-28,2017,0,5.6,12.3,-1.3,겨울,2,화,언양식불고기,쫄면야채무침,956,536,언양식불고기 / 쫄면야채무침
2017-03-02,2017,0,1.8,6.6,-1.1,봄,3,목,팝콘치킨*데리마요,새우또띠아,1057,593,팝콘치킨*데리마요 / 새우또띠아
2017-03-03,2017,1,3.3,10.4,-3.1,봄,3,금,미니채소떡갈비,소고기모듬장조림,926,578,미니채소떡갈비 / 소고기모듬장조림
2017-03-06,2017,0,0.1,4.0,-2.8,봄,3,월,순살닭갈비,쇠불고기,1311,658,순살닭갈비 / 쇠불고기
2017-03-07,2017,0,-1.3,2.9,-4.0,봄,3,화,돈육칠리강정,수제고로케,994,545,돈육칠리강정 / 수제고로케
2017-03-08,2017,0,-0.1,5.0,-5.3,봄,3,수,오징어볶음,코다리강정,879,518,오징어볶음 / 코다리강정
2017-03-09,2017,0,3.2,10.7,-2.7,봄,3,목,마늘치킨,볶음우동,954,519,마늘치킨 / 볶음우동
2017-03-10,2017,0,4.8,12.2,-1.2,봄,3,금,해물청경채볶음,제육볶음(빨갛게),664,461,해물청경채볶음 / 제육볶음(빨갛게)
2017-03-13,2017,0,6.9,12.2,1.5,봄,3,월,버섯불고기,갈치조림,1295,596,버섯불고기 / 갈치조림
2017-03-14,2017,0,5.8,10.9,1.0,봄,3,화,미트볼케찹조림,주꾸미볶음,972,533,미트볼케찹조림 / 주꾸미볶음
2017-03-15,2017,0,6.3,13.3,0.4,봄,3,수,양념찜닭,등갈비김치찜,961,486,양념찜닭 / 등갈비김치찜
2017-03-16,2017,0,6.2,13.4,1.0,봄,3,목,돈육굴소스볶음,훈제오리냉채,951,504,돈육굴소스볶음 / 훈제오리냉채
2017-03-17,2017,0,7.7,15.7,1.2,봄,3,금,치킨커틀렛,미니함박조림,625,429,치킨커틀렛 / 미니함박조림
2017-03-20,2017,0,10.2,15.5,6.0,봄,3,월,콩나물불고기,누룽지탕수육,1328,556,콩나물불고기 / 누룽지탕수육
2017-03-21,2017,0,7.4,12.6,4.3,봄,3,화,쇠고기장조림,로제파스타,940,647,쇠고기장조림 / 로제파스타
2017-03-23,2017,0,9.1,15.0,5.1,봄,3,목,돼지갈비찜,고구마치즈구이,911,557,돼지갈비찜 / 고구마치즈구이
2017-03-24,2017,0,8.7,15.2,3.9,봄,3,금,고추잡채*꽃빵,닭강정,644,518,고추잡채*꽃빵 / 닭강정
2017-03-27,2017,0,6.1,10.9,4.4,봄,3,월,소고기숙주볶음,고등어구이,1114,501,소고기숙주볶음 / 고등어구이
2017-03-28,2017,0,7.1,12.7,2.5,봄,3,화,주꾸미볶음,비빔메밀국수,970,504,주꾸미볶음 / 비빔메밀국수
2017-03-29,2017,0,8.8,14.4,4.7,봄,3,수,언양식불고기,돈까스,966,474,언양식불고기 / 돈까스
2017-03-30,2017,0,10.6,17.1,4.1,봄,3,목,사천식탕수육,오징어무침,802,497,사천식탕수육 / 오징어무침
2017-03-31,2017,0,8.6,12.4,4.9,봄,3,금,생선커틀렛,동태콩나물찜,639,420,생선커틀렛 / 동태콩나물찜
2017-04-03,2017,0,11.4,19.2,4.3,봄,4,월,훈제오리(마늘만),가자미카레튀김,1258,577,훈제오리(마늘만) / 가자미카레튀김
2017-04-04,2017,0,14.1,21.8,6.7,봄,4,화,쇠불고기,오징어순대볶음,809,535,쇠불고기 / 오징어순대볶음
2017-04-05,2017,0,12.0,14.2,10.8,봄,4,수,유산슬,유자청돈육볶음,1060,391,유산슬 / 유자청돈육볶음
2017-04-06,2017,0,10.4,12.4,9.4,봄,4,목,마늘치킨,쇠고기퀘사디아,897,436,마늘치킨 / 쇠고기퀘사디아
2017-04-07,2017,0,14.5,23.5,9.0,봄,4,금,미니채소떡갈비,순살닭갈비,602,431,미니채소떡갈비 / 순살닭갈비
2017-04-10,2017,0,16.5,23.3,10.1,봄,4,월,쇠고기낙지볶음,치즈시즈닝치킨,1218,541,쇠고기낙지볶음 / 치즈시즈닝치킨
2017-04-11,2017,0,15.3,20.2,11.5,봄,4,화,해물누룽지탕,미소장국,994,535,해물누룽지탕 / 미소장국
2017-04-12,2017,0,11.5,16.4,8.8,봄,4,수,삼겹살오븐구이,삼치구이,893,384,삼겹살오븐구이 / 삼치구이
2017-04-13,2017,0,12.7,19.6,6.3,봄,4,목,닭데리야끼조림,수제핫도그,784,521,닭데리야끼조림 / 수제핫도그
2017-04-14,2017,0,13.0,17.7,10.1,봄,4,금,오징어볶음,돈육장조림,541,402,오징어볶음 / 돈육장조림
2017-04-17,2017,0,14.7,18.0,11.2,봄,4,월,돈육굴소스볶음,고등어조림,1237,479,돈육굴소스볶음 / 고등어조림
2017-04-18,2017,0,11.7,17.4,9.4,봄,4,화,쇠고기장조림,치킨핑거*요거트D,839,567,쇠고기장조림 / 치킨핑거*요거트D
2017-04-19,2017,0,12.6,18.4,7.0,봄,4,수,탕수어,갈치구이,871,408,탕수어 / 갈치구이
2017-04-20,2017,0,12.9,18.2,9.9,봄,4,목,등갈비김치찜,떡볶이,713,511,등갈비김치찜 / 떡볶이
2017-04-21,2017,0,13.1,19.3,7.6,봄,4,금,버섯불고기,돈육강정,547,353,버섯불고기 / 돈육강정
2017-04-24,2017,0,15.1,21.3,8.3,봄,4,월,언양식불고기,쇠고기숙주볶음,1109,531,언양식불고기 / 쇠고기숙주볶음
2017-04-25,2017,0,16.0,20.4,12.9,봄,4,화,닭강정,토마토스파게티,791,510,닭강정 / 토마토스파게티
2017-04-26,2017,0,15.1,20.2,10.5,봄,4,수,오징어튀김,*,835,0,오징어튀김 / *
2017-04-27,2017,0,13.6,19.8,7.9,봄,4,목,매콤함박스테이크,크림카레우동,788,442,매콤함박스테이크 / 크림카레우동
2017-04-28,2017,0,14.4,21.5,8.9,봄,4,금,탕수육,주꾸미떡볶음,575,362,탕수육 / 주꾸미떡볶음
2017-05-02,2017,0,20.7,28.0,15.2,봄,5,화,훈제오리구이/쌈무,돈육굴소스볶음,525,298,훈제오리구이/쌈무 / 돈육굴소스볶음
2017-05-04,2017,0,21.0,27.5,14.8,봄,5,목,닭갈비,미니버거,383,262,닭갈비 / 미니버거
2017-05-08,2017,0,17.9,23.5,11.1,봄,5,월,쇠불고기,꽁치오븐구이,792,308,쇠불고기 / 꽁치오븐구이
2017-05-10,2017,0,16.4,20.8,14.2,봄,5,수,제육볶음,닭오븐구이,1235,500,제육볶음 / 닭오븐구이
2017-05-11,2017,0,19.3,24.8,13.1,봄,5,목,낙지볶음,사천식탕수육,829,501,낙지볶음 / 사천식탕수육
2017-05-12,2017,0,19.1,21.1,16.8,봄,5,금,유린기,돼지갈비찜,817,507,유린기 / 돼지갈비찜
2017-05-15,2017,0,16.0,20.1,12.3,봄,5,월,돈육꽈리고추볶음,가자미카레튀김,1203,505,돈육꽈리고추볶음 / 가자미카레튀김
2017-05-16,2017,0,17.1,22.3,13.3,봄,5,화,오징어볶음,감자만두,890,533,오징어볶음 / 감자만두
2017-05-17,2017,0,18.6,25.9,12.3,봄,5,수,쇠고기장조림,갈치양념조림,864,484,쇠고기장조림 / 갈치양념조림
2017-05-18,2017,0,20.4,26.9,13.9,봄,5,목,굴비구이,옥수수스프,796,459,굴비구이 / 옥수수스프
2017-05-19,2017,0,21.1,27.9,15.1,봄,5,금,순살양념치킨,쇠고기숙주볶음,662,414,순살양념치킨 / 쇠고기숙주볶음
2017-05-22,2017,0,21.8,28.0,15.9,봄,5,월,제육볶음,코다리조림,1207,585,제육볶음 / 코다리조림
2017-05-23,2017,0,20.0,24.4,17.2,봄,5,화,간장찜닭,탕수육,889,545,간장찜닭 / 탕수육
2017-05-24,2017,0,21.8,27.8,16.9,봄,5,수,고등어구이,모둠장조림,852,387,고등어구이 / 모둠장조림
2017-05-25,2017,0,19.2,24.4,14.4,봄,5,목,오리불고기,수제고로케,838,456,오리불고기 / 수제고로케
2017-05-26,2017,0,17.7,23.2,12.4,봄,5,금,주꾸미떡볶음,치즈닭갈비,597,462,주꾸미떡볶음 / 치즈닭갈비
2017-05-29,2017,0,22.9,29.3,18.1,봄,5,월,소불고기,임연수엿장조림,1193,555,소불고기 / 임연수엿장조림
2017-05-30,2017,0,23.6,30.3,18.6,봄,5,화,동파삼겹수육,쫄면야채무침,821,579,동파삼겹수육 / 쫄면야채무침
2017-06-01,2017,0,23.3,27.0,20.0,여름,6,목,등갈비김치찜,로제스파게티,914,505,등갈비김치찜 / 로제스파게티
2017-06-02,2017,0,20.5,25.6,15.5,여름,6,금,삼치된장구이,팝콘치킨*데리야끼소스,699,480,삼치된장구이 / 팝콘치킨*데리야끼소스
2017-06-05,2017,0,24.2,30.3,16.4,여름,6,월,돈육굴소스볶음,탕수어,760,306,돈육굴소스볶음 / 탕수어
2017-06-07,2017,0,17.6,19.2,15.1,여름,6,수,훈제오리구이,돼지갈비찜,1127,549,훈제오리구이 / 돼지갈비찜
2017-06-08,2017,0,20.1,25.9,15.1,여름,6,목,미니채소떡갈비,야채튀김,857,443,미니채소떡갈비 / 야채튀김
2017-06-09,2017,0,21.2,25.7,17.9,여름,6,금,깐풍기,가자미양념찜,715,460,깐풍기 / 가자미양념찜
2017-06-12,2017,0,22.1,28.0,17.0,여름,6,월,쇠고기숙주볶음,돈육강정,1140,552,쇠고기숙주볶음 / 돈육강정
2017-06-13,2017,0,21.5,25.9,18.3,여름,6,화,쭈꾸미볶음,고구마치즈구이,916,540,쭈꾸미볶음 / 고구마치즈구이
2017-06-14,2017,0,21.8,26.8,17.8,여름,6,수,치킨핑거,미트볼케찹조림,907,408,치킨핑거 / 미트볼케찹조림
2017-06-15,2017,0,23.1,29.6,18.0,여름,6,목,갈치구이,부추만두,763,443,갈치구이 / 부추만두
2017-06-16,2017,0,25.5,32.7,20.0,여름,6,금,삼겹살구이,쇠고기장조림,644,383,삼겹살구이 / 쇠고기장조림
2017-06-19,2017,0,24.8,30.2,19.5,여름,6,월,유자청제육볶음,닭데리야끼조림,1126,489,유자청제육볶음 / 닭데리야끼조림
2017-06-20,2017,0,26.0,32.7,20.0,여름,6,화,고등어김치말이,오징어무침,888,508,고등어김치말이 / 오징어무침
2017-06-21,2017,0,25.4,31.6,21.7,여름,6,수,언양식불고기,고추잡채*꽃빵,982,445,언양식불고기 / 고추잡채*꽃빵
2017-06-22,2017,0,25.3,30.4,21.2,여름,6,목,해물누룽지탕,또띠아피자,875,451,해물누룽지탕 / 또띠아피자
2017-06-23,2017,0,26.7,34.1,21.3,여름,6,금,닭갈비,탕수어,609,441,닭갈비 / 탕수어
2017-06-26,2017,0,23.1,29.9,20.1,여름,6,월,훈제오리고추장볶음,탕수육,1147,539,훈제오리고추장볶음 / 탕수육
2017-06-27,2017,0,25.2,30.5,20.8,여름,6,화,오징어볶음,탄두리치킨,973,575,오징어볶음 / 탄두리치킨
2017-06-29,2017,0,26.2,31.5,21.9,여름,6,목,갈릭돈까스,웨지감자,814,451,갈릭돈까스 / 웨지감자
2017-06-30,2017,0,25.9,30.9,22.2,여름,6,금,매운닭찜,장어강정,695,370,매운닭찜 / 장어강정
2017-07-03,2017,0,24.7,27.4,21.9,여름,7,월,짬뽕불고기,고등어카레구이,1231,501,짬뽕불고기 / 고등어카레구이
2017-07-04,2017,0,26.7,31.6,23.8,여름,7,화,낙지볶음,닭강정,962,432,낙지볶음 / 닭강정
2017-07-05,2017,0,27.4,32.6,23.3,여름,7,수,유산슬,돈육굴소스볶음,912,340,유산슬 / 돈육굴소스볶음
2017-07-06,2017,0,27.6,34.6,23.9,여름,7,목,등갈비김치찜,수제고로케,821,501,등갈비김치찜 / 수제고로케
2017-07-07,2017,0,26.4,28.4,24.4,여름,7,금,유린기,해물까스*탈탈소스,613,472,유린기 / 해물까스*탈탈소스
2017-07-10,2017,0,24.0,25.4,22.6,여름,7,월,버섯불고기,사천식탕수육,1084,527,버섯불고기 / 사천식탕수육
2017-07-11,2017,0,26.0,30.9,22.2,여름,7,화,주꾸미떡볶음,새우또띠아,866,444,주꾸미떡볶음 / 새우또띠아
2017-07-12,2017,1,27.1,31.1,24.9,여름,7,수,찹쌀밥,모둠장조림,918,414,찹쌀밥 / 모둠장조림
2017-07-13,2017,0,27.6,32.1,23.1,여름,7,목,돼지갈비찜,풋고추튀김,765,461,돼지갈비찜 / 풋고추튀김
2017-07-14,2017,0,28.7,33.0,26.1,여름,7,금,갈치조림,미니함박조림,613,485,갈치조림 / 미니함박조림
2017-07-17,2017,0,26.8,29.0,24.0,여름,7,월,돈육고추장볶음,소고기장조림,1168,500,돈육고추장볶음 / 소고기장조림
2017-07-18,2017,0,26.5,30.7,23.9,여름,7,화,간장찜닭,토마토스파게티,916,513,간장찜닭 / 토마토스파게티
2017-07-19,2017,0,28.3,34.1,24.5,여름,7,수,양장피잡채,언양식불고기,830,457,양장피잡채 / 언양식불고기
2017-07-20,2017,0,29.9,34.9,26.0,여름,7,목,오징어굴소스볶음,해물볶음우동,750,429,오징어굴소스볶음 / 해물볶음우동
2017-07-21,2017,0,29.8,32.4,27.3,여름,7,금,미트볼케찹조림,꽁치구이,648,410,미트볼케찹조림 / 꽁치구이
2017-07-24,2017,0,26.2,27.3,25.6,여름,7,월,콩나물불고기,고추잡채*꽃빵,1119,486,콩나물불고기 / 고추잡채*꽃빵
2017-07-25,2017,0,29.4,35.4,24.6,여름,7,화,가자미카레튀김,비빔야채만두,827,514,가자미카레튀김 / 비빔야채만두
2017-07-27,2017,0,27.1,29.7,24.9,여름,7,목,순살파닭,탕수육,804,486,순살파닭 / 탕수육
2017-07-28,2017,0,25.5,26.9,24.8,여름,7,금,주꾸미떡볶음,생선까스*탈탈소스,501,459,주꾸미떡볶음 / 생선까스*탈탈소스
2017-07-31,2017,0,25.7,27.1,24.8,여름,7,월,쇠고기숙주볶음,돈육씨앗강정,945,455,쇠고기숙주볶음 / 돈육씨앗강정
2017-08-01,2017,0,28.6,33.0,24.1,여름,8,화,해물누룽지탕,훈제오리냉채,745,509,해물누룽지탕 / 훈제오리냉채
2017-08-02,2017,0,30.0,33.0,26.6,여름,8,수,미니채소떡갈비,탕수어,799,337,미니채소떡갈비 / 탕수어
2017-08-03,2017,0,30.2,33.9,27.2,여름,8,목,닭오븐구이,쇠고기장조림,776,401,닭오븐구이 / 쇠고기장조림
2017-08-04,2017,0,30.3,35.3,25.9,여름,8,금,제육볶음,치킨텐더,668,354,제육볶음 / 치킨텐더
2017-08-07,2017,0,29.2,34.4,26.4,여름,8,월,쇠고기낙지볶음,등갈비김치찜,1078,497,쇠고기낙지볶음 / 등갈비김치찜
2017-08-08,2017,0,28.2,31.0,25.5,여름,8,화,닭갈비,비빔메밀국수,842,445,닭갈비 / 비빔메밀국수
2017-08-09,2017,0,27.6,32.0,24.6,여름,8,수,수제돈까스,고등어조림,946,372,수제돈까스 / 고등어조림
2017-08-10,2017,0,24.8,26.3,23.9,여름,8,목,갈치구이,케이준샐러드,777,438,갈치구이 / 케이준샐러드
2017-08-11,2017,1,27.0,32.4,23.9,여름,8,금,돈육보쌈,깐풍기,710,393,돈육보쌈 / 깐풍기
2017-08-14,2017,0,24.6,27.1,23.1,여름,8,월,짬뽕불고기,양파치킨,692,275,짬뽕불고기 / 양파치킨
2017-08-16,2017,0,23.3,26.8,20.5,여름,8,수,오징어볶음*소면,돼지갈비찜,973,433,오징어볶음*소면 / 돼지갈비찜
2017-08-17,2017,0,24.8,27.7,21.2,여름,8,목,매운닭찜,미니햄버거,823,507,매운닭찜 / 미니햄버거
2017-08-18,2017,0,26.3,30.6,23.9,여름,8,금,해물까스*칠리소스,유자청제육볶음,731,484,해물까스*칠리소스 / 유자청제육볶음
2017-08-21,2017,0,25.8,29.2,23.7,여름,8,월,소고기불고기,안동찜닭,1232,673,소고기불고기 / 안동찜닭
2017-08-22,2017,0,27.3,31.5,23.4,여름,8,화,표고버섯탕수육,오징어무침,1053,604,표고버섯탕수육 / 오징어무침
2017-08-23,2017,0,27.2,30.2,24.6,여름,8,수,가자미양념찜,돈육모듬장조림,953,537,가자미양념찜 / 돈육모듬장조림
2017-08-24,2017,0,26.5,28.1,23.9,여름,8,목,주꾸미굴소스볶음,타코야끼,843,489,주꾸미굴소스볶음 / 타코야끼
2017-08-25,2017,0,25.3,30.6,22.2,여름,8,금,미트볼케찹조림,생선까스*탈탈소스,594,354,미트볼케찹조림 / 생선까스*탈탈소스
2017-08-28,2017,0,21.5,26.5,18.3,여름,8,월,돈육간장불고기,고등어김치말이,1191,514,돈육간장불고기 / 고등어김치말이
2017-08-29,2017,0,19.5,24.0,17.0,여름,8,화,닭갈비,깐풍육,877,609,닭갈비 / 깐풍육
2017-08-30,2017,0,19.8,23.9,16.1,여름,8,수,언양식불고기,해물청경채볶음,898,395,언양식불고기 / 해물청경채볶음
2017-08-31,2017,0,22.2,27.6,16.6,여름,8,목,굴비구이,브로컬리크림스프,852,487,굴비구이 / 브로컬리크림스프
2017-09-01,2017,0,23.3,29.7,17.1,가을,9,금,훈제오리구이,*,663,0,훈제오리구이 / *
2017-09-04,2017,0,24.6,30.1,19.7,가을,9,월,버섯불고기,가자미튀김,1168,581,버섯불고기 / 가자미튀김
2017-09-05,2017,0,21.9,23.7,20.4,가을,9,화,등갈비김치찜,크림카레우동,924,518,등갈비김치찜 / 크림카레우동
2017-09-06,2017,0,20.6,24.0,18.5,가을,9,수,마늘치킨,돈육굴소스볶음,922,503,마늘치킨 / 돈육굴소스볶음
2017-09-07,2017,0,22.4,27.5,17.8,가을,9,목,오징어볶음*소면,고추잡채*꽃빵,926,455,오징어볶음*소면 / 고추잡채*꽃빵
2017-09-08,2017,0,24.3,29.9,20.4,가을,9,금,동파육,유린기,662,494,동파육 / 유린기
2017-09-11,2017,0,21.2,24.6,18.6,가을,9,월,유자청제육볶음,주꾸미굴소스볶음,1350,510,유자청제육볶음 / 주꾸미굴소스볶음
2017-09-12,2017,0,22.1,27.9,17.7,가을,9,화,해물누룽지탕,야채튀김,993,540,해물누룽지탕 / 야채튀김
2017-09-13,2017,0,21.4,27.5,15.9,가을,9,수,떡갈비조림,돼지갈비찜,945,476,떡갈비조림 / 돼지갈비찜
2017-09-14,2017,0,22.4,29.5,14.8,가을,9,목,닭찜,고구마오븐구이,860,437,닭찜 / 고구마오븐구이
2017-09-15,2017,0,22.6,27.9,17.8,가을,9,금,단호박장조림,돈육간장강정,602,454,단호박장조림 / 돈육간장강정
2017-09-18,2017,0,21.9,27.6,16.4,가을,9,월,언양식불고기,후르츠탕수육,1214,552,언양식불고기 / 후르츠탕수육
2017-09-19,2017,0,22.6,25.8,20.1,가을,9,화,소고기낙지볶음,오징어초무침,958,567,소고기낙지볶음 / 오징어초무침
2017-09-20,2017,0,19.5,24.9,14.1,가을,9,수,감자프리타타,해물청경채볶음,890,411,감자프리타타 / 해물청경채볶음
2017-09-21,2017,0,20.3,27.0,14.2,가을,9,목,꽁치구이,수제칠리핫도그,820,546,꽁치구이 / 수제칠리핫도그
2017-09-22,2017,0,20.6,26.8,15.4,가을,9,금,순살양념치킨,김치전,735,490,순살양념치킨 / 김치전
2017-09-25,2017,0,23.4,30.1,17.4,가을,9,월,짬뽕불고기,갈치구이,1099,592,짬뽕불고기 / 갈치구이
2017-09-26,2017,0,25.1,31.4,19.4,가을,9,화,닭갈비,오징어튀김,902,573,닭갈비 / 오징어튀김
2017-09-27,2017,0,22.7,27.3,19.9,가을,9,수,삼겹살구이,미니함박조림,1023,0,삼겹살구이 / 미니함박조림
2017-09-28,2017,0,19.2,25.3,14.2,가을,9,목,매운주꾸미볶음,돈가스또띠아,589,473,매운주꾸미볶음 / 돈가스또띠아
2017-09-29,2017,0,17.4,23.5,11.2,가을,9,금,쇠불고기/잡채,*,760,0,쇠불고기/잡채 / *
2017-10-10,2017,0,21.4,24.8,18.6,가을,10,화,훈제오리구이,돈육굴소스볶음,1265,746,훈제오리구이 / 돈육굴소스볶음
2017-10-11,2017,0,15.5,21.7,12.2,가을,10,수,레몬탕수육,새우까스*탈탈소스,1109,613,레몬탕수육 / 새우까스*탈탈소스
2017-10-13,2017,0,12.8,18.9,6.1,가을,10,금,오징어볶음*소면,등갈비김치찜,1015,628,오징어볶음*소면 / 등갈비김치찜
2017-10-16,2017,0,16.6,22.0,13.6,가을,10,월,제육볶음,닭오븐구이,1173,497,제육볶음 / 닭오븐구이
2017-10-17,2017,0,16.2,23.9,9.2,가을,10,화,고등어조림,로제스파게티,848,555,고등어조림 / 로제스파게티
2017-10-18,2017,0,16.5,19.1,14.2,가을,10,수,수제돈가스,소고기모듬장조림,814,490,수제돈가스 / 소고기모듬장조림
2017-10-19,2017,0,17.0,23.2,11.9,가을,10,목,유린기,수제고로케,901,514,유린기 / 수제고로케
2017-10-20,2017,0,17.0,24.2,11.1,가을,10,금,해물청경채볶음,코다리강정,533,416,해물청경채볶음 / 코다리강정
2017-10-23,2017,0,13.7,20.6,8.6,가을,10,월,버섯불고기,닭강정,1115,538,버섯불고기 / 닭강정
2017-10-24,2017,0,14.4,20.9,9.9,가을,10,화,쭈꾸미볶음,떡볶이,1037,439,쭈꾸미볶음 / 떡볶이
2017-10-25,2017,0,14.4,20.6,9.5,가을,10,수,갈치조림,*,786,0,갈치조림 / *
2017-10-26,2017,0,14.5,18.1,10.7,가을,10,목,치킨핑거,소고기퀘사디아,824,405,치킨핑거 / 소고기퀘사디아
2017-10-27,2017,0,16.9,24.2,11.9,가을,10,금,돼지갈비찜,가자미카레튀김,567,327,돼지갈비찜 / 가자미카레튀김
2017-10-30,2017,0,7.7,13.2,2.5,가을,10,월,닭갈비,꽁치구이,1150,589,닭갈비 / 꽁치구이
2017-10-31,2017,0,10.4,16.0,3.6,가을,10,화,돈삼겹보쌈,해물까스*탈탈소스,955,503,돈삼겹보쌈 / 해물까스*탈탈소스
2017-11-01,2017,0,14.4,18.1,11.5,가을,11,수,개성감자만두,깐풍기,815,424,개성감자만두 / 깐풍기
2017-11-02,2017,0,15.5,18.0,14.0,가을,11,목,오징어볶음,찹쌀순대볶음,854,469,오징어볶음 / 찹쌀순대볶음
2017-11-03,2017,0,12.3,16.6,6.1,가을,11,금,누룽지탕수육,미트볼케찹조림,644,406,누룽지탕수육 / 미트볼케찹조림
2017-11-06,2017,0,11.4,16.5,8.0,가을,11,월,짬뽕불고기,소고기장조림,1167,451,짬뽕불고기 / 소고기장조림
2017-11-07,2017,0,14.4,18.4,9.2,가을,11,화,수제돈까스,감자치즈오븐구이,943,522,수제돈까스 / 감자치즈오븐구이
2017-11-08,2017,0,13.1,17.2,6.9,가을,11,수,언양식불고기,해물청경채볶음,780,397,언양식불고기 / 해물청경채볶음
2017-11-09,2017,0,9.4,16.8,3.7,가을,11,목,매운닭찜,동그랑땡전,797,414,매운닭찜 / 동그랑땡전
2017-11-10,2017,0,9.8,15.9,5.3,가을,11,금,등갈비김치찜,임연수엿장조림,630,397,등갈비김치찜 / 임연수엿장조림
2017-11-13,2017,0,8.4,11.8,3.1,가을,11,월,소고기불고기,훈제오리떡볶음,1017,547,소고기불고기 / 훈제오리떡볶음
2017-11-14,2017,0,7.5,11.4,2.9,가을,11,화,돼지갈비찜,짜장면,924,515,돼지갈비찜 / 짜장면
2017-11-15,2017,0,3.2,6.5,-1.1,가을,11,수,굴비구이,해물까스*탈탈소스,895,363,굴비구이 / 해물까스*탈탈소스
2017-11-16,2017,0,1.0,6.4,-3.4,가을,11,목,찜닭,김치두루치기,736,437,찜닭 / 김치두루치기
2017-11-17,2017,0,3.0,5.8,-1.6,가을,11,금,미니채소떡갈비,주꾸미굴소스볶음,640,332,미니채소떡갈비 / 주꾸미굴소스볶음
2017-11-20,2017,0,-0.4,4.2,-3.9,가을,11,월,오징어볶음,동파삼겹수육,1115,569,오징어볶음 / 동파삼겹수육
2017-11-21,2017,0,1.3,8.1,-4.2,가을,11,화,순살파닭,수제고로케,954,486,순살파닭 / 수제고로케
2017-11-22,2017,0,4.3,10.8,0.6,가을,11,수,돈육칠리강정,쇠고기장조림,817,424,돈육칠리강정 / 쇠고기장조림
2017-11-23,2017,0,0.9,4.7,-2.5,가을,11,목,갈치구이,치킨핑거,758,433,갈치구이 / 치킨핑거
2017-11-24,2017,0,-0.4,2.9,-2.5,가을,11,금,돈육굴소스볶음,새우까스*탈탈소스,563,378,돈육굴소스볶음 / 새우까스*탈탈소스
2017-11-27,2017,0,2.5,9.5,-2.9,가을,11,월,버섯불고기,닭갈비,1065,483,버섯불고기 / 닭갈비
2017-11-28,2017,0,6.4,11.2,1.3,가을,11,화,사천식탕수육,고구마그라탕,929,517,사천식탕수육 / 고구마그라탕
2017-11-30,2017,0,-2.4,2.7,-5.2,가을,11,목,제육볶음,홍시드레싱샐러드,781,511,제육볶음 / 홍시드레싱샐러드
2017-12-01,2017,0,-2.2,3.1,-7.6,겨울,12,금,찜닭,수제돈가스,660,381,찜닭 / 수제돈가스
2017-12-04,2017,0,-1.2,4.5,-6.1,겨울,12,월,돈육피망볶음,유린기,1142,625,돈육피망볶음 / 유린기
2017-12-05,2017,0,-4.2,-0.4,-8.2,겨울,12,화,낙지볶음,또띠아피자,939,571,낙지볶음 / 또띠아피자
2017-12-06,2017,0,0.2,6.0,-4.5,겨울,12,수,생선까스&탈탈소스,꽁치김치찜,860,414,생선까스&탈탈소스 / 꽁치김치찜
2017-12-07,2017,0,0.7,4.6,-3.5,겨울,12,목,닭볶음탕,타코야끼,740,509,닭볶음탕 / 타코야끼
2017-12-08,2017,0,-3.8,-0.5,-7.1,겨울,12,금,미트볼케찹조림,김치전,682,407,미트볼케찹조림 / 김치전
2017-12-11,2017,0,-7.0,-2.5,-11.0,겨울,12,월,돈육굴소스볶음,쇠고기장조림,1165,536,돈육굴소스볶음 / 쇠고기장조림
2017-12-12,2017,0,-9.4,-5.2,-12.3,겨울,12,화,해물누룽지탕,미니햄버거,884,641,해물누룽지탕 / 미니햄버거
2017-12-13,2017,0,-8.7,-4.4,-12.0,겨울,12,수,떡갈비조림,닭갈비,978,430,떡갈비조림 / 닭갈비
2017-12-14,2017,0,-6.6,-1.9,-11.2,겨울,12,목,명태코다리조림,소고기퀘사디아,875,405,명태코다리조림 / 소고기퀘사디아
2017-12-15,2017,0,-3.0,0.9,-7.5,겨울,12,금,표고버섯탕수육,등갈비김치찜,618,426,표고버섯탕수육 / 등갈비김치찜
2017-12-18,2017,0,-1.6,3.3,-5.9,겨울,12,월,버섯불고기,가자미카레튀김,1149,418,버섯불고기 / 가자미카레튀김
2017-12-19,2017,0,-3.9,-1.0,-6.5,겨울,12,화,주꾸미볶음,닭오븐구이,715,345,주꾸미볶음 / 닭오븐구이
2017-12-20,2017,0,-3.9,-0.1,-8.5,겨울,12,수,동파육,고추잡채*꽃빵,814,396,동파육 / 고추잡채*꽃빵
2017-12-21,2017,0,-0.9,4.6,-5.6,겨울,12,목,훈제오리구이,찹쌀순대볶음,692,380,훈제오리구이 / 찹쌀순대볶음
2017-12-22,2017,0,3.4,6.6,-1.9,겨울,12,금,간장마늘치킨,유자청제육볶음,565,482,간장마늘치킨 / 유자청제육볶음
2017-12-26,2017,0,-3.8,-1.1,-7.9,겨울,12,화,언양식불고기,돈육계란장조림,915,176,언양식불고기 / 돈육계란장조림
2017-12-27,2017,0,-6.9,-2.6,-10.3,겨울,12,수,오징어볶음,*,571,0,오징어볶음 / *
2017-12-28,2017,0,-2.1,0.8,-6.8,겨울,12,목,돼지갈비찜,크림스프,311,245,돼지갈비찜 / 크림스프
2017-12-29,2017,0,2.1,6.0,-0.4,겨울,12,금,닭볶음탕,자반고등어구이,394,209,닭볶음탕 / 자반고등어구이
2018-01-02,2018,0,-1.8,1.8,-4.3,겨울,1,화,한방소갈비찜,유산슬,1148,432,한방소갈비찜 / 유산슬
2018-01-03,2018,0,-4.7,-0.4,-7.1,겨울,1,수,굴비구이,사천식탕수육,883,441,굴비구이 / 사천식탕수육
2018-01-04,2018,0,-4.7,-0.7,-8.7,겨울,1,목,제육볶음,새우또띠아,893,435,제육볶음 / 새우또띠아
2018-01-05,2018,0,-3.0,1.6,-5.6,겨울,1,금,깐풍기,순대오징어볶음,762,509,깐풍기 / 순대오징어볶음
2018-01-08,2018,0,1.3,4.0,-1.2,겨울,1,월,소불고기,등갈비김치찜,1178,554,소불고기 / 등갈비김치찜
2018-01-09,2018,0,-4.2,-1.2,-6.1,겨울,1,화,양파치킨,토마토스파게티,816,349,양파치킨 / 토마토스파게티
2018-01-10,2018,0,-7.5,-4.8,-10.3,겨울,1,수,고추잡채*꽃빵,주꾸미굴소스볶음,865,423,고추잡채*꽃빵 / 주꾸미굴소스볶음
2018-01-11,2018,0,-11.1,-7.4,-13.6,겨울,1,목,오징어돈육볶음,삼치된장구이,911,430,오징어돈육볶음 / 삼치된장구이
2018-01-12,2018,0,-10.2,-5.4,-15.3,겨울,1,금,명태코다리강정,훈제오리구이,679,398,명태코다리강정 / 훈제오리구이
2018-01-15,2018,0,4.7,7.7,1.8,겨울,1,월,유자청제육볶음,굴비구이,1256,480,유자청제육볶음 / 굴비구이
2018-01-16,2018,0,3.5,6.8,0.1,겨울,1,화,미니채소떡갈비,국물떡볶이,1076,523,미니채소떡갈비 / 국물떡볶이
2018-01-17,2018,0,4.5,8.7,2.4,겨울,1,수,치킨핑거,삼겹살구이,969,466,치킨핑거 / 삼겹살구이
2018-01-18,2018,0,2.1,4.5,0.3,겨울,1,목,쇠고기장조림,돈육강정,830,472,쇠고기장조림 / 돈육강정
2018-01-19,2018,0,1.0,5.5,-2.5,겨울,1,금,탕수어,닭갈비,654,419,탕수어 / 닭갈비
2018-01-22,2018,0,0.2,4.0,-5.3,겨울,1,월,쇠고기숙주볶음,갈치구이,1241,492,쇠고기숙주볶음 / 갈치구이
2018-01-23,2018,0,-11.7,-5.3,-14.6,겨울,1,화,오징어볶음,해물볶음우동,872,488,오징어볶음 / 해물볶음우동
2018-01-24,2018,0,-14.2,-10.7,-16.3,겨울,1,수,과일탕수육,안동찜닭,845,274,과일탕수육 / 안동찜닭
2018-01-25,2018,0,-14.0,-9.5,-16.4,겨울,1,목,돈육굴소스볶음,수제고로케,754,513,돈육굴소스볶음 / 수제고로케
2018-01-26,2018,0,-14.8,-10.7,-17.8,겨울,1,금,순살파닭,미트볼케찹조림,722,418,순살파닭 / 미트볼케찹조림
2018-01-29,2018,0,-8.5,-4.7,-11.6,겨울,1,월,가래떡돼지갈비찜,류산슬,1417,689,가래떡돼지갈비찜 / 류산슬
2018-01-30,2018,0,-5.3,-0.8,-11.4,겨울,1,화,닭볶음,시저샐러드,1054,689,닭볶음 / 시저샐러드
2018-01-31,2018,0,-2.6,0.0,-5.2,겨울,1,수,양장피잡채,*,1138,0,양장피잡채 / *
2018-02-01,2018,0,-4.0,1.2,-8.8,겨울,2,목,매콤미니함박,돈가스또띠아,1002,620,매콤미니함박 / 돈가스또띠아
2018-02-02,2018,0,-2.4,3.8,-7.6,겨울,2,금,표고버섯탕수육,주꾸미굴소스볶음,760,503,표고버섯탕수육 / 주꾸미굴소스볶음
2018-02-05,2018,0,-9.4,-5.1,-11.8,겨울,2,월,돈육볶음,꽁치오븐구이,1372,673,돈육볶음 / 꽁치오븐구이
2018-02-06,2018,0,-10.1,-5.8,-12.8,겨울,2,화,쇠고기장조림,야채튀김,1085,601,쇠고기장조림 / 야채튀김
2018-02-07,2018,0,-8.0,-1.6,-13.4,겨울,2,수,언양식불고기,매운닭찜,1107,540,언양식불고기 / 매운닭찜
2018-02-08,2018,0,-4.4,2.0,-9.7,겨울,2,목,동파삼겹수육,옥수수스프,984,543,동파삼겹수육 / 옥수수스프
2018-02-09,2018,0,0.4,6.1,-5.3,겨울,2,금,해물청경채볶음,유린기,724,518,해물청경채볶음 / 유린기
2018-02-12,2018,0,-5.8,-1.8,-9.6,겨울,2,월,닭갈비,가자미카레튀김,1251,541,닭갈비 / 가자미카레튀김
2018-02-13,2018,0,-0.8,4.3,-7.4,겨울,2,화,사천식탕수육,로제파스타,955,552,사천식탕수육 / 로제파스타
2018-02-14,2018,0,3.5,8.7,-0.7,겨울,2,수,버섯불고기,고추잡채*꽃빵,850,0,버섯불고기 / 고추잡채*꽃빵
2018-02-19,2018,0,1.8,6.8,-1.9,겨울,2,월,훈제오리구이,명태조림,1298,657,훈제오리구이 / 명태조림
2018-02-20,2018,0,0.9,5.5,-2.4,겨울,2,화,짬뽕불고기,닭오븐구이,1105,609,짬뽕불고기 / 닭오븐구이
2018-02-21,2018,0,-0.9,4.4,-4.5,겨울,2,수,고구마치즈구이,고등어자반찜,1087,522,고구마치즈구이 / 고등어자반찜
2018-02-22,2018,0,1.3,5.4,-3.9,겨울,2,목,마늘치킨,오징어튀김,988,578,마늘치킨 / 오징어튀김
2018-02-23,2018,0,4.2,8.6,-0.3,겨울,2,금,등갈비김치찜,돈육장조림,651,522,등갈비김치찜 / 돈육장조림
2018-02-26,2018,0,3.1,10.4,-3.2,겨울,2,월,소고기숙주볶음,닭매운찜,1192,585,소고기숙주볶음 / 닭매운찜
2018-02-27,2018,0,4.2,6.9,0.6,겨울,2,화,돼지갈비찜,연근/고구마튀김,934,438,돼지갈비찜 / 연근/고구마튀김
2018-03-02,2018,0,-0.7,5.4,-6.7,봄,3,금,조기구이,돈육굴소스볶음,508,349,조기구이 / 돈육굴소스볶음
2018-03-05,2018,0,5.5,11.4,1.3,봄,3,월,소고기장조림,돈육고추장볶음,1355,687,소고기장조림 / 돈육고추장볶음
2018-03-06,2018,0,4.5,10.9,-1.1,봄,3,화,닭강정,해물떡볶이,1020,671,닭강정 / 해물떡볶이
2018-03-07,2018,0,6.4,10.7,2.2,봄,3,수,삼치구이,삼겹살구이,1057,600,삼치구이 / 삼겹살구이
2018-03-08,2018,0,4.6,9.7,2.7,봄,3,목,오리불고기,수제고로케,973,553,오리불고기 / 수제고로케
2018-03-09,2018,0,4.5,9.6,1.4,봄,3,금,주꾸미볶음,김치전,716,580,주꾸미볶음 / 김치전
2018-03-12,2018,0,8.0,15.5,2.2,봄,3,월,버섯불고기,갈치구이,1361,663,버섯불고기 / 갈치구이
2018-03-13,2018,0,12.4,18.8,5.2,봄,3,화,미트볼케찹조림,쇠고기퀘사디아,997,639,미트볼케찹조림 / 쇠고기퀘사디아
2018-03-14,2018,0,17.0,22.1,13.6,봄,3,수,탕수어,유자청돈육볶음,948,464,탕수어 / 유자청돈육볶음
2018-03-15,2018,0,12.4,16.6,8.4,봄,3,목,닭데리야끼조림,사천식탕수육,975,489,닭데리야끼조림 / 사천식탕수육
2018-03-16,2018,0,7.1,12.2,3.6,봄,3,금,오징어볶음,닭갈비,707,487,오징어볶음 / 닭갈비
2018-03-19,2018,0,8.0,10.4,6.2,봄,3,월,돈육간장볶음,고등어구이,1159,559,돈육간장볶음 / 고등어구이
2018-03-20,2018,0,4.7,9.1,1.6,봄,3,화,해물누룽지탕,모둠튀김*칠리소스,1040,571,해물누룽지탕 / 모둠튀김*칠리소스
2018-03-21,2018,0,2.1,5.3,1.1,봄,3,수,닭볶음탕,돈육장조림,1092,482,닭볶음탕 / 돈육장조림
2018-03-22,2018,0,4.9,11.6,0.6,봄,3,목,코다리강정,웨지감자,899,492,코다리강정 / 웨지감자
2018-03-23,2018,0,6.1,12.5,1.8,봄,3,금,수제돈까스,새우까스*탈탈소스,759,454,수제돈까스 / 새우까스*탈탈소스
2018-03-26,2018,0,11.0,18.1,5.3,봄,3,월,닭갈비,소고기숙주볶음,1276,604,닭갈비 / 소고기숙주볶음
2018-03-27,2018,0,13.3,20.0,7.7,봄,3,화,등갈비김치찜,후르츠탕수육(황도),1005,599,등갈비김치찜 / 후르츠탕수육(황도)
2018-03-29,2018,0,15.4,21.1,11.8,봄,3,목,고추잡채*꽃빵,봄나물튀김,936,523,고추잡채*꽃빵 / 봄나물튀김
2018-03-30,2018,0,14.8,21.9,9.8,봄,3,금,주꾸미볶음,돼지갈비찜,616,466,주꾸미볶음 / 돼지갈비찜
2018-04-02,2018,0,18.4,23.7,14.9,봄,4,월,소고기낙지볶음,꽁치오븐구이,1212,586,소고기낙지볶음 / 꽁치오븐구이
2018-04-03,2018,0,17.8,21.2,14.9,봄,4,화,언양식불고기,훈제오리냉채,800,486,언양식불고기 / 훈제오리냉채
2018-04-04,2018,0,13.4,18.2,9.5,봄,4,수,닭오븐구이,동파삼겹수육,903,519,닭오븐구이 / 동파삼겹수육
2018-04-05,2018,0,7.6,9.5,6.7,봄,4,목,류산슬,케이준치킨샐러드,849,569,류산슬 / 케이준치킨샐러드
2018-04-06,2018,0,5.8,8.6,3.0,봄,4,금,양념치킨,동태포전,741,394,양념치킨 / 동태포전
2018-04-09,2018,0,7.9,15.4,0.1,봄,4,월,제육볶음,굴비구이,1283,588,제육볶음 / 굴비구이
2018-04-10,2018,0,15.1,21.9,6.9,봄,4,화,소고기장조림,찹쌀순대볶음,855,522,소고기장조림 / 찹쌀순대볶음
2018-04-11,2018,0,12.6,17.3,8.7,봄,4,수,오징어볶음,레몬탕수육,804,540,오징어볶음 / 레몬탕수육
2018-04-12,2018,0,13.3,19.6,6.8,봄,4,목,코다리양념조림,닭강정,796,535,코다리양념조림 / 닭강정
2018-04-13,2018,0,14.6,19.3,8.3,봄,4,금,안동찜닭,버섯불고기,652,444,안동찜닭 / 버섯불고기
2018-04-16,2018,0,11.6,18.8,4.9,봄,4,월,짬뽕불고기,유린기,1195,599,짬뽕불고기 / 유린기
2018-04-17,2018,0,12.9,20.1,6.8,봄,4,화,훈제오리구이,오징어무침,900,537,훈제오리구이 / 오징어무침
2018-04-18,2018,0,12.4,19.3,6.2,봄,4,수,치킨핑거,쇠고기야채볶음,922,456,치킨핑거 / 쇠고기야채볶음
2018-04-19,2018,0,14.0,20.5,7.4,봄,4,목,돈육간장볶음,미소장국,846,499,돈육간장볶음 / 미소장국
2018-04-20,2018,0,18.4,26.3,11.0,봄,4,금,가자미카레튀김,닭갈비,605,409,가자미카레튀김 / 닭갈비
2018-04-23,2018,0,9.3,10.7,8.4,봄,4,월,류산슬,돼지갈비찜,1246,569,류산슬 / 돼지갈비찜
2018-04-24,2018,0,12.1,16.1,8.9,봄,4,화,깐풍기,미니햄버거,940,587,깐풍기 / 미니햄버거
2018-04-26,2018,0,14.9,22.1,10.0,봄,4,목,닭매운찜,표고버섯탕수육,761,483,닭매운찜 / 표고버섯탕수육
2018-04-27,2018,0,15.7,23.3,9.7,봄,4,금,삼겹살구이,주꾸미떡볶음,674,380,삼겹살구이 / 주꾸미떡볶음
2018-04-30,2018,0,19.2,25.0,14.1,봄,4,월,닭데리야끼조림,해물누룽지탕,629,317,닭데리야끼조림 / 해물누룽지탕
2018-05-02,2018,0,15.1,19.7,8.7,봄,5,수,양장피잡채,소고기버섯볶음,1137,535,양장피잡채 / 소고기버섯볶음
2018-05-03,2018,0,11.2,14.7,6.9,봄,5,목,수제돈까스*칠리소스,해물떡볶이,883,436,수제돈까스*칠리소스 / 해물떡볶이
2018-05-04,2018,0,14.1,20.0,8.8,봄,5,금,콩나물제육볶음,쇠고기장조림,630,440,콩나물제육볶음 / 쇠고기장조림
2018-05-08,2018,0,17.5,22.9,11.6,봄,5,화,버섯불고기,삼치양념찜,1225,625,버섯불고기 / 삼치양념찜
2018-05-09,2018,0,15.7,21.8,9.2,봄,5,수,탕수어,언양식불고기,919,413,탕수어 / 언양식불고기
2018-05-10,2018,0,15.4,21.4,11.3,봄,5,목,돈육굴소스볶음,사천식탕수육,763,441,돈육굴소스볶음 / 사천식탕수육
2018-05-11,2018,0,16.1,21.3,11.9,봄,5,금,오징어볶음,유린기,602,445,오징어볶음 / 유린기
2018-05-14,2018,0,18.2,24.5,11.9,봄,5,월,훈제오리구이,고추잡채*꽃빵,1229,536,훈제오리구이 / 고추잡채*꽃빵
2018-05-15,2018,0,23.2,29.3,15.4,봄,5,화,등갈비김치찜,생선까스*탈탈소스,1004,620,등갈비김치찜 / 생선까스*탈탈소스
2018-05-16,2018,0,22.3,24.4,21.8,봄,5,수,고구마치즈구이,갈치구이,1031,472,고구마치즈구이 / 갈치구이
2018-05-17,2018,0,20.9,23.5,18.8,봄,5,목,닭볶음탕,깐풍육,811,473,닭볶음탕 / 깐풍육
2018-05-18,2018,0,16.3,19.3,12.2,봄,5,금,주꾸미볶음,미니채소떡갈비,563,399,주꾸미볶음 / 미니채소떡갈비
2018-05-21,2018,0,17.8,23.7,11.3,봄,5,월,짬뽕불고기,모듬장조림(소고기),543,234,짬뽕불고기 / 모듬장조림(소고기)
2018-05-23,2018,0,17.3,23.3,13.6,봄,5,수,마늘치킨,돈육칠리강정,1065,477,마늘치킨 / 돈육칠리강정
2018-05-24,2018,0,18.3,23.7,11.2,봄,5,목,돼지갈비찜,함박스테이크,754,494,돼지갈비찜 / 함박스테이크
2018-05-25,2018,0,19.7,26.2,13.8,봄,5,금,꽁치오븐구이,닭겨자냉채,594,432,꽁치오븐구이 / 닭겨자냉채
2018-05-28,2018,0,22.3,29.1,16.2,봄,5,월,제육볶음,쇠고기숙주볶음,1306,594,제육볶음 / 쇠고기숙주볶음
2018-05-29,2018,0,21.4,25.9,19.1,봄,5,화,해물청경채볶음,깐풍기,931,552,해물청경채볶음 / 깐풍기
2018-05-31,2018,0,20.9,27.6,14.2,봄,5,목,동파삼겹수육,오징어초무침,856,525,동파삼겹수육 / 오징어초무침
2018-06-01,2018,0,23.8,30.2,17.5,여름,6,월,치킨핑거,레몬탕수육,649,395,치킨핑거 / 레몬탕수육
2018-06-04,2018,0,22.6,27.5,18.9,여름,6,월,돈육간장볶음,가자미양념찜,1211,564,돈육간장볶음 / 가자미양념찜
2018-06-05,2018,0,23.7,29.2,17.7,여름,6,화,닭갈비,새우까스*칠리소스,884,526,닭갈비 / 새우까스*칠리소스
2018-06-07,2018,0,22.2,29.4,17.8,여름,6,목,고추잡채*꽃빵,돈육장조림,890,475,고추잡채*꽃빵 / 돈육장조림
2018-06-08,2018,0,21.9,27.0,18.5,여름,6,금,완자전,닭오븐구이,631,458,완자전 / 닭오븐구이
2018-06-11,2018,0,20.2,23.9,18.0,여름,6,월,버섯불고기,닭볶음탕,1228,557,버섯불고기 / 닭볶음탕
2018-06-12,2018,0,21.3,27.1,16.6,여름,6,화,고등어김치말이,언양식불고기,905,441,고등어김치말이 / 언양식불고기
2018-06-14,2018,0,21.6,25.1,18.8,여름,6,목,순살파닭,모둠튀김*초간장,936,464,순살파닭 / 모둠튀김*초간장
2018-06-15,2018,0,21.7,27.0,17.2,여름,6,금,오징어볶음,돈육굴소스볶음,639,442,오징어볶음 / 돈육굴소스볶음
2018-06-18,2018,0,24.8,30.8,19.9,여름,6,월,훈제오리구이,후르츠탕수육,1069,485,훈제오리구이 / 후르츠탕수육
2018-06-19,2018,0,22.4,27.2,19.1,여름,6,화,삼치데리야끼,소고기퀘사디아,952,537,삼치데리야끼 / 소고기퀘사디아
2018-06-20,2018,0,22.7,28.4,19.1,여름,6,수,미니채소떡갈비,유린기,875,448,미니채소떡갈비 / 유린기
2018-06-21,2018,0,23.7,28.7,19.4,여름,6,목,짬뽕불고기,떡볶이,791,550,짬뽕불고기 / 떡볶이
2018-06-25,2018,0,27.1,32.9,21.3,여름,6,월,닭갈비,삼겹살구이,1128,537,닭갈비 / 삼겹살구이
2018-06-26,2018,0,22.3,26.9,20.2,여름,6,화,류산슬,순대야채볶음,1012,583,류산슬 / 순대야채볶음
2018-06-28,2018,0,23.3,27.3,20.6,여름,6,목,매운돼지갈비찜,단호박스프,803,449,매운돼지갈비찜 / 단호박스프
2018-06-29,2018,0,24.7,29.1,21.9,여름,6,금,동태무조림,소고기불고기,507,371,동태무조림 / 소고기불고기
2018-07-02,2018,0,22.6,25.3,20.6,여름,7,월,유자청제육볶음,간장치킨,1258,609,유자청제육볶음 / 간장치킨
2018-07-03,2018,0,27.4,32.6,22.5,여름,7,화,소고기장조림,돈육강정,975,528,소고기장조림 / 돈육강정
2018-07-04,2018,0,27.3,31.8,24.0,여름,7,수,탕수어,주꾸미볶음,791,488,탕수어 / 주꾸미볶음
2018-07-05,2018,0,25.3,29.0,23.4,여름,7,목,닭볶음탕,부추만두,876,509,닭볶음탕 / 부추만두
2018-07-06,2018,0,23.9,27.1,21.5,여름,7,금,동파삼겹수육,가자미카레튀김,661,389,동파삼겹수육 / 가자미카레튀김
2018-07-09,2018,0,20.8,24.2,20.1,여름,7,월,돈육굴소스볶음,갈치구이,1097,519,돈육굴소스볶음 / 갈치구이
2018-07-10,2018,0,23.7,26.5,20.4,여름,7,화,훈제오리구이,사천식탕수육,838,524,훈제오리구이 / 사천식탕수육
2018-07-11,2018,0,26.8,29.5,24.4,여름,7,수,오징어튀김,콩나물불고기,894,435,오징어튀김 / 콩나물불고기
2018-07-12,2018,0,26.6,28.2,25.1,여름,7,목,깐풍기,감자치즈구이,764,487,깐풍기 / 감자치즈구이
2018-07-13,2018,0,27.3,30.9,24.7,여름,7,금,등갈비김치찜,해물누룽지탕,585,394,등갈비김치찜 / 해물누룽지탕
2018-07-16,2018,0,28.7,34.0,24.0,여름,7,월,소불고기,꽁치오븐구이,1061,529,소불고기 / 꽁치오븐구이
2018-07-17,2018,1,28.1,32.1,23.9,여름,7,화,생야채,로제파스타,1116,451,생야채 / 로제파스타
2018-07-18,2018,0,28.2,33.2,23.7,여름,7,수,해물까스*칠리소스,오징어볶음,839,407,해물까스*칠리소스 / 오징어볶음
2018-07-19,2018,0,28.7,34.1,23.2,여름,7,목,안동찜닭,떡볶이,748,554,안동찜닭 / 떡볶이
2018-07-20,2018,0,29.5,34.7,24.6,여름,7,금,유자청제육볶음,돈육간장강정,489,394,유자청제육볶음 / 돈육간장강정
2018-07-23,2018,0,31.7,35.7,29.2,여름,7,월,돈육굴소스볶음,유산슬,991,515,돈육굴소스볶음 / 유산슬
2018-07-24,2018,0,31.4,36.8,27.2,여름,7,화,삼치양념구이,탄두리치킨,886,526,삼치양념구이 / 탄두리치킨
2018-07-26,2018,0,30.1,33.7,27.3,여름,7,목,매운돼지갈비찜,표고버섯탕수육,714,484,매운돼지갈비찜 / 표고버섯탕수육
2018-07-27,2018,1,30.9,35.4,27.2,여름,7,금,주꾸미떡볶음,쇠고기장조림,589,388,주꾸미떡볶음 / 쇠고기장조림
2018-07-30,2018,0,31.7,36.9,26.2,여름,7,월,닭갈비,장어강정,944,436,닭갈비 / 장어강정
2018-07-31,2018,0,32.6,38.3,27.8,여름,7,화,짬뽕불고기,케이준샐러드,789,494,짬뽕불고기 / 케이준샐러드
2018-08-01,2018,0,33.6,39.6,27.8,여름,8,수,떡갈비조림,꽁치김치말이,820,395,떡갈비조림 / 꽁치김치말이
2018-08-02,2018,0,33.7,37.9,30.3,여름,8,목,갈치양념조림,훈제오리냉채,631,425,갈치양념조림 / 훈제오리냉채
2018-08-03,2018,0,33.1,37.9,30.0,여름,8,금,닭오븐구이,언양식불고기,540,367,닭오븐구이 / 언양식불고기
2018-08-06,2018,0,30.5,35.3,28.3,여름,8,월,소불고기,닭볶음탕,1092,522,소불고기 / 닭볶음탕
2018-08-07,2018,0,30.5,35.9,26.8,여름,8,화,오징어볶음,생선까스*탈탈소스,773,534,오징어볶음 / 생선까스*탈탈소스
2018-08-08,2018,0,31.0,35.3,27.6,여름,8,수,깐풍육,고추잡채*꽃빵,896,421,깐풍육 / 고추잡채*꽃빵
2018-08-09,2018,0,28.8,32.5,27.1,여름,8,목,돈육장조림,미소장국,821,509,돈육장조림 / 미소장국
2018-08-10,2018,0,30.7,36.8,25.7,여름,8,금,굴비구이,돈삼겹보쌈,548,467,굴비구이 / 돈삼겹보쌈
2018-08-13,2018,0,30.5,34.4,26.7,여름,8,월,제육볶음,닭데리야끼구이,930,465,제육볶음 / 닭데리야끼구이
2018-08-14,2018,0,31.7,37.2,27.7,여름,8,화,해물누룽지탕,후르츠탕수육,772,393,해물누룽지탕 / 후르츠탕수육
2018-08-16,2018,1,29.9,35.6,24.1,여름,8,목,동태포전,오징어초무침,789,488,동태포전 / 오징어초무침
2018-08-17,2018,0,27.2,33.8,21.7,여름,8,금,쇠고기단호박조림,등갈비바베큐조림,646,482,쇠고기단호박조림 / 등갈비바베큐조림
2018-08-20,2018,0,29.1,33.3,25.1,여름,8,월,훈제오리구이,매운닭찜,1199,563,훈제오리구이 / 매운닭찜
2018-08-21,2018,0,26.6,31.0,23.4,여름,8,화,소고기불고기,함박스테이크,972,629,소고기불고기 / 함박스테이크
2018-08-22,2018,0,30.7,37.6,23.4,여름,8,수,해물까스,양념갈비찜,1000,536,해물까스 / 양념갈비찜
2018-08-23,2018,0,29.4,32.2,25.7,여름,8,목,꽁치레몬구이,새우또띠아,835,577,꽁치레몬구이 / 새우또띠아
2018-08-24,2018,0,24.4,26.3,23.2,여름,8,금,마늘치킨,오징어볶음,678,529,마늘치킨 / 오징어볶음
2018-08-27,2018,0,22.7,24.9,20.2,여름,8,월,돈육간장불고기,코다리조림,1221,560,돈육간장불고기 / 코다리조림
2018-08-28,2018,0,23.7,26.1,22.5,여름,8,화,탕수어,깐풍기,873,593,탕수어 / 깐풍기
2018-08-29,2018,0,25.2,27.4,22.7,여름,8,수,치킨핑거,*,915,0,치킨핑거 / *
2018-08-30,2018,0,25.3,28.2,23.9,여름,8,목,모듬장조림,모듬튀김*칠리소스,849,556,모듬장조림 / 모듬튀김*칠리소스
2018-08-31,2018,0,25.6,30.3,22.8,여름,8,금,소고기낙지볶음,유자청제육볶음,817,424,소고기낙지볶음 / 유자청제육볶음
2018-09-03,2018,0,23.3,25.8,21.4,가을,9,월,버섯불고기,유산슬,1213,577,버섯불고기 / 유산슬
2018-09-04,2018,0,23.2,27.8,20.0,가을,9,화,동파삼겹수육,크림카레우동,938,604,동파삼겹수육 / 크림카레우동
2018-09-05,2018,0,24.0,28.5,19.6,가을,9,수,샐러드파스타,고등어구이,829,425,샐러드파스타 / 고등어구이
2018-09-06,2018,0,24.1,28.2,20.9,가을,9,목,간장찜닭,돈육강정,830,538,간장찜닭 / 돈육강정
2018-09-07,2018,0,22.0,25.5,19.1,가을,9,금,매운주꾸미볶음,생선까스*칠리소스,581,467,매운주꾸미볶음 / 생선까스*칠리소스
2018-09-10,2018,0,22.9,28.4,18.6,가을,9,월,돈육고추장불고기,가자미튀김,1144,535,돈육고추장불고기 / 가자미튀김
2018-09-11,2018,0,21.6,26.1,16.8,가을,9,화,닭매운찜,떡볶이,960,570,닭매운찜 / 떡볶이
2018-09-12,2018,0,22.8,28.2,16.8,가을,9,수,오징어튀김,유린기,805,435,오징어튀김 / 유린기
2018-09-13,2018,0,23.5,28.3,20.3,가을,9,목,등갈비김치찜,수제돈까스*칠리소스,882,571,등갈비김치찜 / 수제돈까스*칠리소스
2018-09-14,2018,0,23.5,26.8,20.3,가을,9,금,언양식불고기,해물누룽지탕,405,375,언양식불고기 / 해물누룽지탕
2018-09-17,2018,0,22.3,27.7,18.5,가을,9,월,돈육굴소스볶음,오징어볶음,1189,522,돈육굴소스볶음 / 오징어볶음
2018-09-18,2018,0,22.0,26.5,17.7,가을,9,화,류산슬,순대야채볶음,946,597,류산슬 / 순대야채볶음
2018-09-20,2018,0,19.0,20.1,17.8,가을,9,목,소고기장조림,해물까스*탈탈소스,817,468,소고기장조림 / 해물까스*탈탈소스
2018-09-21,2018,0,19.4,21.9,17.6,가을,9,금,돼지갈비찜/잡채,미니채소떡갈비,929,247,돼지갈비찜/잡채 / 미니채소떡갈비
2018-10-08,2018,0,14.8,20.9,9.2,가을,10,월,돈육고추장불고기,안동찜닭,895,442,돈육고추장불고기 / 안동찜닭
2018-10-10,2018,0,12.0,16.7,7.9,가을,10,수,돈육강정,가자미양념찜,1319,751,돈육강정 / 가자미양념찜
2018-10-11,2018,0,9.7,13.9,6.1,가을,10,목,오징어볶음,타코야끼,1211,743,오징어볶음 / 타코야끼
2018-10-12,2018,0,10.9,17.4,5.2,가을,10,금,김치전,장어강정,622,467,김치전 / 장어강정
2018-10-15,2018,0,15.2,21.0,10.9,가을,10,월,버섯불고기,쇠고기장조림,1235,533,버섯불고기 / 쇠고기장조림
2018-10-16,2018,0,14.5,20.3,9.9,가을,10,화,조기구이,닭오븐구이,928,570,조기구이 / 닭오븐구이
2018-10-17,2018,0,12.4,18.6,8.4,가을,10,수,생선가스*칠리소스,꽁치구이,761,422,생선가스*칠리소스 / 꽁치구이
2018-10-18,2018,0,12.7,19.0,7.5,가을,10,목,김치제육볶음,탕수육,857,532,김치제육볶음 / 탕수육
2018-10-19,2018,0,13.1,20.4,7.2,가을,10,금,닭갈비,류산슬,627,430,닭갈비 / 류산슬
2018-10-22,2018,0,14.0,20.6,8.8,가을,10,월,돈육간장불고기,코다리조림,1176,498,돈육간장불고기 / 코다리조림
2018-10-23,2018,0,12.2,16.9,9.8,가을,10,화,닭볶음탕,탕수어,902,446,닭볶음탕 / 탕수어
2018-10-24,2018,0,12.5,18.7,7.6,가을,10,수,등갈비김치찜,언양식불고기,777,464,등갈비김치찜 / 언양식불고기
2018-10-25,2018,0,13.8,21.2,7.0,가을,10,목,쇠고기낙지볶음,깐풍기,722,469,쇠고기낙지볶음 / 깐풍기
2018-10-26,2018,0,12.2,14.7,9.9,가을,10,금,오징어볶음,가자미카레튀김,528,370,오징어볶음 / 가자미카레튀김
2018-10-29,2018,0,7.2,11.7,3.4,가을,10,월,소불고기,짬뽕불고기,1156,596,소불고기 / 짬뽕불고기
2018-10-30,2018,0,6.1,11.6,0.7,가을,10,화,동파삼겹수육,갈치구이,932,449,동파삼겹수육 / 갈치구이
2018-10-31,2018,0,7.4,12.6,3.0,가을,10,수,수제돈가스,자기계발의날,930,0,수제돈가스 / 자기계발의날
2018-11-01,2018,0,8.4,15.2,2.5,가을,11,목,마늘간장치킨,로제스파게티,703,483,마늘간장치킨 / 로제스파게티
2018-11-02,2018,0,10.6,19.0,4.0,가을,11,금,훈제오리구이,해물누룽지탕,539,434,훈제오리구이 / 해물누룽지탕
2018-11-05,2018,0,11.9,18.3,6.6,가을,11,월,오징어볶음,돈육간장불고기,1088,542,오징어볶음 / 돈육간장불고기
2018-11-06,2018,0,12.2,17.5,8.0,가을,11,화,닭데리야끼구이,쇠고기퀘사디아,813,540,닭데리야끼구이 / 쇠고기퀘사디아
2018-11-07,2018,0,12.8,15.7,10.3,가을,11,수,사천식탕수육,해물청경채볶음,860,379,사천식탕수육 / 해물청경채볶음
2018-11-08,2018,0,11.8,14.7,10.5,가을,11,목,닭갈비,해물까스*탈탈소스,926,443,닭갈비 / 해물까스*탈탈소스
2018-11-09,2018,0,12.1,15.4,9.5,가을,11,금,고등어구이,쇠고기장조림,496,454,고등어구이 / 쇠고기장조림
2018-11-12,2018,0,8.1,15.1,3.1,가을,11,월,소고기불고기,유린기,1154,574,소고기불고기 / 유린기
2018-11-13,2018,0,8.8,15.4,4.1,가을,11,화,돈육강정,고구마그라탕,783,468,돈육강정 / 고구마그라탕
2018-11-14,2018,0,9.8,16.6,4.8,가을,11,수,치킨핑거*요거트드레싱,매운돼지갈비찜,800,391,치킨핑거*요거트드레싱 / 매운돼지갈비찜
2018-11-15,2018,0,9.7,16.2,4.7,가을,11,목,유자청제육볶음,닭오븐구이,747,540,유자청제육볶음 / 닭오븐구이
2018-11-16,2018,0,8.8,14.5,4.2,가을,11,금,언양식불고기,미트볼케찹조림,616,435,언양식불고기 / 미트볼케찹조림
2018-11-19,2018,0,6.5,11.3,3.3,가을,11,월,돈육굴소스볶음,코다리양념조림,1124,442,돈육굴소스볶음 / 코다리양념조림
2018-11-20,2018,0,6.5,12.7,0.0,가을,11,화,주꾸미볶음,탄두리치킨,740,485,주꾸미볶음 / 탄두리치킨
2018-11-21,2018,0,5.8,8.2,3.1,가을,11,수,새우까스*탈탈소스,삼겹살구이,832,411,새우까스*탈탈소스 / 삼겹살구이
2018-11-22,2018,0,2.3,7.1,-1.3,가을,11,목,닭볶음탕,양장피잡채,718,436,닭볶음탕 / 양장피잡채
2018-11-23,2018,0,1.9,7.6,-3.1,가을,11,금,버섯불고기,돈육장조림,527,363,버섯불고기 / 돈육장조림
2018-11-26,2018,0,6.3,13.6,1.6,가을,11,월,닭갈비,굴비구이,1077,476,닭갈비 / 굴비구이
2018-11-27,2018,0,7.1,12.5,3.1,가을,11,화,짬뽕불고기,돈육강정,839,529,짬뽕불고기 / 돈육강정
2018-11-29,2018,0,3.5,6.7,0.6,가을,11,목,레몬탕수육,미니함박조림,794,454,레몬탕수육 / 미니함박조림
2018-11-30,2018,0,2.7,8.0,-1.5,가을,11,금,해물누룽지탕,깐풍기,543,362,해물누룽지탕 / 깐풍기
2018-12-03,2018,0,11.5,13.5,9.3,겨울,12,월,쇠고기낙지볶음,돈육간장불고기,1248,544,쇠고기낙지볶음 / 돈육간장불고기
2018-12-04,2018,0,6.7,11.8,-0.3,겨울,12,화,유린기,굴소스볶음밥,911,617,유린기 / 굴소스볶음밥
2018-12-05,2018,0,0.0,3.4,-4.3,겨울,12,수,언양식불고기,삼치구이,885,414,언양식불고기 / 삼치구이
2018-12-06,2018,0,2.4,6.8,-1.0,겨울,12,목,오리불고기,웨지감자,765,515,오리불고기 / 웨지감자
2018-12-07,2018,0,-7.3,-1.1,-9.6,겨울,12,금,쇠고기모듬장조림,오징어볶음,674,353,쇠고기모듬장조림 / 오징어볶음
2018-12-10,2018,0,-2.5,4.6,-8.1,겨울,12,월,제육볶음,미트볼케찹조림,1201,597,제육볶음 / 미트볼케찹조림
2018-12-11,2018,0,0.2,2.9,-2.4,겨울,12,화,등갈비김치찜,떡볶이,883,569,등갈비김치찜 / 떡볶이
2018-12-12,2018,0,-1.9,2.4,-5.0,겨울,12,수,가자미튀김,양념치킨,788,354,가자미튀김 / 양념치킨
2018-12-13,2018,0,-2.2,2.1,-5.9,겨울,12,목,동파삼겹수육,사천식탕수육,765,475,동파삼겹수육 / 사천식탕수육
2018-12-14,2018,0,-4.4,0.6,-7.8,겨울,12,금,치즈함박스테이크,안동찜닭,664,411,치즈함박스테이크 / 안동찜닭
2018-12-17,2018,0,1.6,5.9,-1.5,겨울,12,월,짬뽕불고기,주꾸미볶음,1170,421,짬뽕불고기 / 주꾸미볶음
2018-12-18,2018,0,2.6,7.4,-2.8,겨울,12,화,닭볶음탕,오징어초무침,813,432,닭볶음탕 / 오징어초무침
2018-12-19,2018,0,4.0,9.5,1.3,겨울,12,수,탕수어,고등어구이,710,390,탕수어 / 고등어구이
2018-12-20,2018,0,3.4,10.4,-1.1,겨울,12,목,돼지갈비찜,크림스프,784,373,돼지갈비찜 / 크림스프
2018-12-21,2018,0,5.6,9.8,0.4,겨울,12,금,갈치양념조림,생선까스*탈탈소스,456,456,갈치양념조림 / 생선까스*탈탈소스
2018-12-24,2018,0,-2.3,3.1,-5.9,겨울,12,월,훈제오리구이,닭갈비,296,104,훈제오리구이 / 닭갈비
2018-12-26,2018,0,-1.5,3.0,-7.1,겨울,12,수,돈육굴소스볶음,자기계발의날,695,0,돈육굴소스볶음 / 자기계발의날
2018-12-27,2018,0,-10.1,-6.5,-12.5,겨울,12,목,오징어볶음,깐풍기,517,251,오징어볶음 / 깐풍기
2018-12-28,2018,0,-10.5,-6.6,-14.4,겨울,12,금,버섯불고기,코다리조림,491,406,버섯불고기 / 코다리조림
2018-12-31,2018,0,-5.4,-0.5,-10.5,겨울,12,월,돈육고추장불고기,훈제오리볶음,332,135,돈육고추장불고기 / 훈제오리볶음
2019-01-02,2019,0,-4.9,0.2,-8.8,겨울,1,수,소갈비찜,마늘간장치킨,1201,407,소갈비찜 / 마늘간장치킨
2019-01-03,2019,0,-3.5,3.2,-8.4,겨울,1,목,안동찜닭,깐풍육,858,494,안동찜닭 / 깐풍육
2019-01-04,2019,0,-1.1,4.1,-6.2,겨울,1,금,언양식불고기,미트볼떡조림,668,482,언양식불고기 / 미트볼떡조림
2019-01-07,2019,0,-1.9,3.1,-6.2,겨울,1,월,쇠고기숙주볶음,매운돼지갈비찜,1072,407,쇠고기숙주볶음 / 매운돼지갈비찜
2019-01-08,2019,0,-3.5,0.5,-7.2,겨울,1,화,치즈함박스테이크,유린기,839,417,치즈함박스테이크 / 유린기
2019-01-09,2019,0,-4.7,1.3,-9.4,겨울,1,수,치킨핑거*요거트소스,오징어볶음,778,335,치킨핑거*요거트소스 / 오징어볶음
2019-01-10,2019,0,-0.6,3.0,-4.5,겨울,1,목,탕수육,크림카레우동,767,475,탕수육 / 크림카레우동
2019-01-11,2019,0,2.4,7.2,-0.4,겨울,1,금,고추잡채*꽃빵,닭데리야끼구이,627,430,고추잡채*꽃빵 / 닭데리야끼구이
2019-01-14,2019,0,1.4,5.3,-2.4,겨울,1,월,돈육굴소스볶음,굴비구이,1163,573,돈육굴소스볶음 / 굴비구이
2019-01-15,2019,0,-1.7,2.6,-7.2,겨울,1,화,등갈비김치말이,로제파스타,963,569,등갈비김치말이 / 로제파스타
2019-01-16,2019,0,-5.2,-1.1,-10.1,겨울,1,수,유산슬,돈육장조림,1021,356,유산슬 / 돈육장조림
2019-01-17,2019,0,-0.3,4.0,-3.2,겨울,1,목,쇠고기낙지볶음,모듬튀김*칠리소스,837,515,쇠고기낙지볶음 / 모듬튀김*칠리소스
2019-01-18,2019,0,0.6,6.7,-4.6,겨울,1,금,순살파닭,해물청경채볶음,585,386,순살파닭 / 해물청경채볶음
2019-01-21,2019,0,-1.2,4.2,-6.7,겨울,1,월,버섯불고기,주꾸미볶음,1270,579,버섯불고기 / 주꾸미볶음
2019-01-22,2019,0,1.7,7.1,-3.3,겨울,1,화,닭볶음탕,또띠아피자,889,564,닭볶음탕 / 또띠아피자
2019-01-23,2019,0,2.0,7.0,-0.8,겨울,1,수,생선까스*탈탈소스,돈육강정,958,392,생선까스*탈탈소스 / 돈육강정
2019-01-24,2019,0,0.1,6.5,-4.6,겨울,1,목,누룽지탕수육,국물떡볶이,827,520,누룽지탕수육 / 국물떡볶이
2019-01-25,2019,0,-1.2,2.6,-3.8,겨울,1,금,짬뽕불고기,닭갈비,667,431,짬뽕불고기 / 닭갈비
2019-01-28,2019,0,1.2,4.5,-2.4,겨울,1,월,김치제육볶음,양념갈비찜,1140,511,김치제육볶음 / 양념갈비찜
2019-01-29,2019,0,-0.2,7.0,-5.6,겨울,1,화,양파치킨,순대야채볶음,968,278,양파치킨 / 순대야채볶음
2019-01-30,2019,0,1.8,6.6,-2.8,겨울,1,수,새우까스*칠리소스,자기개발의날,679,0,새우까스*칠리소스 / 자기개발의날
2019-01-31,2019,0,-2.0,2.3,-6.2,겨울,1,목,갈치구이,옥수수스프,765,524,갈치구이 / 옥수수스프
2019-02-01,2019,0,-2.1,2.8,-7.4,겨울,2,금,동파삼겹수육,소고기모듬장조림,804,171,동파삼겹수육 / 소고기모듬장조림
2019-02-07,2019,0,-2.1,6.3,-8.2,겨울,2,목,훈제오리구이,양념치킨,1144,553,훈제오리구이 / 양념치킨
2019-02-08,2019,0,-6.1,-1.3,-10.2,겨울,2,금,제육볶음,해물누룽지탕,970,532,제육볶음 / 해물누룽지탕
2019-02-11,2019,0,-3.0,2.0,-7.5,겨울,2,월,소불고기,닭볶음탕,1459,772,소불고기 / 닭볶음탕
2019-02-12,2019,0,-0.6,3.7,-4.1,겨울,2,화,돈육장조림,사천식탕수육,1102,649,돈육장조림 / 사천식탕수육
2019-02-13,2019,0,-2.1,2.5,-5.7,겨울,2,수,메추리알조림,돈육간장볶음,1044,497,메추리알조림 / 돈육간장볶음
2019-02-14,2019,0,-0.5,6.3,-5.9,겨울,2,목,미니채소떡갈비,케이준샐러드,963,578,미니채소떡갈비 / 케이준샐러드
2019-02-15,2019,0,-0.8,0.9,-2.9,겨울,2,금,오징어볶음,탕수어,682,450,오징어볶음 / 탕수어
2019-02-18,2019,0,0.9,5.9,-4.7,겨울,2,월,치즈함박스테이크,돈육굴소스볶음,1314,678,치즈함박스테이크 / 돈육굴소스볶음
2019-02-19,2019,0,1.4,3.0,0.2,겨울,2,화,굴비구이,탄두리치킨,1052,653,굴비구이 / 탄두리치킨
2019-02-20,2019,0,1.7,4.5,-0.1,겨울,2,수,치킨핑거,가자미튀김,1005,472,치킨핑거 / 가자미튀김
2019-02-21,2019,0,2.4,9.0,-2.6,겨울,2,목,돼지갈비찜,생선까스*칠리소스,955,620,돼지갈비찜 / 생선까스*칠리소스
2019-02-22,2019,0,4.0,10.8,-1.6,겨울,2,금,언양식불고기,닭갈비,631,478,언양식불고기 / 닭갈비
2019-02-25,2019,0,4.7,10.2,1.3,겨울,2,월,버섯불고기,류산슬,1299,645,버섯불고기 / 류산슬
2019-02-26,2019,0,5.2,12.0,-1.5,겨울,2,화,미트볼칠리조림,깐풍기,924,566,미트볼칠리조림 / 깐풍기
2019-02-27,2019,0,7.8,14.0,4.7,겨울,2,수,오징어튀김,*,944,0,오징어튀김 / *
2019-02-28,2019,0,6.6,12.8,2.0,겨울,2,목,돈삼겹보쌈,주꾸미볶음,772,464,돈삼겹보쌈 / 주꾸미볶음
2019-03-04,2019,0,9.9,16.3,5.0,봄,3,월,돈육간장불고기,소고기장조림,1274,658,돈육간장불고기 / 소고기장조림
2019-03-05,2019,0,8.4,12.9,5.6,봄,3,화,고추잡채*꽃빵,떡볶이,940,646,고추잡채*꽃빵 / 떡볶이
2019-03-06,2019,0,8.4,12.4,5.7,봄,3,수,코다리강정,오징어볶음,1061,443,코다리강정 / 오징어볶음
2019-03-07,2019,0,7.0,12.7,3.1,봄,3,목,소고기낙지볶음,로제스파게티,845,637,소고기낙지볶음 / 로제스파게티
2019-03-08,2019,0,6.1,13.4,0.6,봄,3,금,해물누룽지탕,수원왕갈비통닭,663,542,해물누룽지탕 / 수원왕갈비통닭
2019-03-11,2019,0,6.6,10.0,3.5,봄,3,월,쇠고기숙주볶음,유자청제육볶음,1277,707,쇠고기숙주볶음 / 유자청제육볶음
2019-03-12,2019,0,3.9,7.9,-0.3,봄,3,화,안동찜닭,모듬튀김*칠리소스,956,653,안동찜닭 / 모듬튀김*칠리소스
2019-03-13,2019,0,3.5,8.5,-0.4,봄,3,수,고구마치즈구이,순살파닭,953,442,고구마치즈구이 / 순살파닭
2019-03-14,2019,0,5.0,10.0,-1.7,봄,3,목,갈치구이,딸기드레싱샐러드,791,530,갈치구이 / 딸기드레싱샐러드
2019-03-15,2019,0,5.5,11.3,1.6,봄,3,금,등갈비김치찜,레몬탕수육,630,466,등갈비김치찜 / 레몬탕수육
2019-03-18,2019,0,7.1,14.4,1.4,봄,3,월,버섯불고기,닭갈비,1261,619,버섯불고기 / 닭갈비
2019-03-19,2019,0,10.0,16.7,3.4,봄,3,화,동파육,해물까스/케찹,990,627,동파육 / 해물까스/케찹
2019-03-20,2019,0,10.3,14.6,7.1,봄,3,수,야채튀김,고등어구이,970,412,야채튀김 / 고등어구이
2019-03-21,2019,0,7.1,11.1,1.9,봄,3,목,한방소갈비찜,수제고로케,1214,470,한방소갈비찜 / 수제고로케
2019-03-22,2019,0,3.3,8.3,-0.7,봄,3,금,돈육굴소스볶음,언양식불고기,567,466,돈육굴소스볶음 / 언양식불고기
2019-03-25,2019,0,7.3,11.5,2.9,봄,3,월,소고기장조림,삼겹살구이,1150,555,소고기장조림 / 삼겹살구이
2019-03-26,2019,0,11.4,17.6,7.4,봄,3,화,제육볶음,간장치킨,919,541,제육볶음 / 간장치킨
2019-03-28,2019,0,9.4,14.6,5.6,봄,3,목,매운돼지갈비찜,오징어초무침,810,597,매운돼지갈비찜 / 오징어초무침
2019-03-29,2019,0,9.2,15.1,5.5,봄,3,금,미니함박조림,깐풍기,481,402,미니함박조림 / 깐풍기
2019-04-01,2019,0,5.5,11.3,0.3,봄,4,월,소고기숙주볶음,새송이너비아니구이,1029,577,소고기숙주볶음 / 새송이너비아니구이
2019-04-02,2019,0,6.7,13.0,1.3,봄,4,화,오징어볶음,탕수육,855,491,오징어볶음 / 탕수육
2019-04-03,2019,0,7.6,13.6,1.9,봄,4,수,순대볶음,돈육장조림,790,411,순대볶음 / 돈육장조림
2019-04-04,2019,0,9.2,15.7,3.0,봄,4,목,안동찜닭,해물까스*와사비소스,745,462,안동찜닭 / 해물까스*와사비소스
2019-04-05,2019,0,11.4,17.2,7.0,봄,4,금,짬뽕불고기,류산슬,575,436,짬뽕불고기 / 류산슬
2019-04-08,2019,0,11.6,17.2,7.6,봄,4,월,유자청돈육볶음,닭갈비,1105,607,유자청돈육볶음 / 닭갈비
2019-04-09,2019,0,9.2,13.9,4.7,봄,4,화,주꾸미볶음,또띠아피자,876,590,주꾸미볶음 / 또띠아피자
2019-04-10,2019,0,7.1,10.2,4.7,봄,4,수,오징어튀김,꽁치구이*와사비장,789,350,오징어튀김 / 꽁치구이*와사비장
2019-04-11,2019,0,9.5,15.7,4.3,봄,4,목,수제돈까스,찐만두,845,524,수제돈까스 / 찐만두
2019-04-12,2019,0,11.4,18.4,5.5,봄,4,금,닭오븐구이,돈육강정,553,435,닭오븐구이 / 돈육강정
2019-04-15,2019,0,11.6,18.1,3.9,봄,4,월,버섯불고기,가자미카레튀김,1184,647,버섯불고기 / 가자미카레튀김
2019-04-16,2019,0,14.9,22.6,6.8,봄,4,화,닭볶음탕,미니햄버거,905,607,닭볶음탕 / 미니햄버거
2019-04-17,2019,0,15.3,21.8,9.1,봄,4,수,오징어볶음,간장마늘치킨,910,472,오징어볶음 / 간장마늘치킨
2019-04-18,2019,0,12.6,16.2,10.4,봄,4,목,미트볼케찹조림,크림새우,767,528,미트볼케찹조림 / 크림새우
2019-04-19,2019,0,13.8,19.7,9.6,봄,4,금,사천식탕수육,돈육굴소스볶음,683,412,사천식탕수육 / 돈육굴소스볶음
2019-04-22,2019,0,19.3,28.2,10.7,봄,4,월,유자청돈육볶음,닭데리야끼조림,1094,494,유자청돈육볶음 / 닭데리야끼조림
2019-04-23,2019,0,20.4,25.5,15.3,봄,4,화,쇠고기장조림,고등어구이,886,567,쇠고기장조림 / 고등어구이
2019-04-25,2019,0,13.2,17.2,9.4,봄,4,목,해물누룽지탕,새우까스*와사비소스,702,500,해물누룽지탕 / 새우까스*와사비소스
2019-04-26,2019,0,8.4,9.9,6.2,봄,4,금,돈육간장강정,유린기,572,392,돈육간장강정 / 유린기
2019-04-29,2019,0,13.0,17.3,8.3,봄,4,월,버섯불고기,삼치구이,1207,564,버섯불고기 / 삼치구이
2019-04-30,2019,0,15.5,22.5,9.0,봄,4,화,오징어볶음,야채튀김,714,430,오징어볶음 / 야채튀김
2019-05-02,2019,0,17.1,25.3,10.6,봄,5,목,안동찜닭,볶음우동,758,423,안동찜닭 / 볶음우동
2019-05-03,2019,0,17.9,26.1,10.1,봄,5,금,미니채소떡갈비,돈육피망볶음,654,420,미니채소떡갈비 / 돈육피망볶음
2019-05-07,2019,0,15.0,21.9,8.4,봄,5,화,훈제오리구이,닭갈비,1221,590,훈제오리구이 / 닭갈비
2019-05-08,2019,0,15.6,21.3,10.1,봄,5,수,치킨핑거/요거트D,굴비구이,881,423,치킨핑거/요거트D / 굴비구이
2019-05-09,2019,0,16.6,22.9,11.7,봄,5,목,보쌈,소고기퀘사디아,958,531,보쌈 / 소고기퀘사디아
2019-05-10,2019,0,17.8,26.8,10.3,봄,5,금,소고기장조림,레몬탕수육,607,438,소고기장조림 / 레몬탕수육
2019-05-13,2019,0,18.7,22.8,15.5,봄,5,월,제육볶음,고등어자반찜,1111,507,제육볶음 / 고등어자반찜
2019-05-14,2019,0,19.6,26.9,12.9,봄,5,화,해물청경채볶음,고구마치즈구이,907,587,해물청경채볶음 / 고구마치즈구이
2019-05-15,2019,0,20.7,28.0,14.8,봄,5,수,치킨너겟*머스타드,버섯불고기,888,368,치킨너겟*머스타드 / 버섯불고기
2019-05-16,2019,0,23.5,30.0,16.7,봄,5,목,돼지갈비찜,해물까스*와사비소스,790,521,돼지갈비찜 / 해물까스*와사비소스
2019-05-17,2019,0,23.6,28.3,17.6,봄,5,금,탕수어,미니함박조림,408,362,탕수어 / 미니함박조림
2019-05-20,2019,0,16.4,20.2,13.0,봄,5,월,소고기숙주나물볶음,고추잡채*꽃빵,1174,516,소고기숙주나물볶음 / 고추잡채*꽃빵
2019-05-21,2019,0,17.2,23.8,11.7,봄,5,화,수원왕갈비통닭,오징어초무침,844,567,수원왕갈비통닭 / 오징어초무침
2019-05-22,2019,0,19.5,26.5,12.3,봄,5,수,새송이떡갈비구이,과일탕수육,831,405,새송이떡갈비구이 / 과일탕수육
2019-05-23,2019,0,22.1,29.2,15.0,봄,5,목,가자미튀김,토마토스파게티,658,509,가자미튀김 / 토마토스파게티
2019-05-24,2019,0,24.2,33.4,16.2,봄,5,금,부추전,두부커틀릿,508,328,부추전 / 두부커틀릿
2019-05-27,2019,0,17.8,22.3,14.3,봄,5,월,돈육콩나물불고기,소고기장조림,1219,550,돈육콩나물불고기 / 소고기장조림
2019-05-28,2019,0,18.1,24.6,11.9,봄,5,화,안동찜닭,야채쫄면,931,590,안동찜닭 / 야채쫄면
2019-05-30,2019,0,19.6,24.5,14.6,봄,5,목,고등어구이,파스타샐러드,836,527,고등어구이 / 파스타샐러드
2019-05-31,2019,0,19.1,23.3,16.1,봄,5,금,함박스테이크,닭갈비,640,378,함박스테이크 / 닭갈비
2019-06-03,2019,0,23.1,29.5,16.0,여름,6,월,짬뽕불고기,삼치튀김*데리소스,1221,572,짬뽕불고기 / 삼치튀김*데리소스
2019-06-04,2019,0,22.6,29.0,17.6,여름,6,화,등갈비김치찜,닭오븐구이,962,486,등갈비김치찜 / 닭오븐구이
2019-06-05,2019,0,23.0,29.6,17.8,여름,6,수,코다리조림,동파삼겹수육,761,502,코다리조림 / 동파삼겹수육
2019-06-07,2019,0,20.0,24.7,17.0,여름,6,금,언양식불고기,닭강정,389,244,언양식불고기 / 닭강정
2019-06-10,2019,0,18.4,21.9,15.7,여름,6,월,소불고기,삼겹살구이,1232,568,소불고기 / 삼겹살구이
2019-06-11,2019,0,20.5,26.1,15.5,여름,6,화,오징어볶음,떡볶이,804,555,오징어볶음 / 떡볶이
2019-06-12,2019,0,21.5,26.4,16.1,여름,6,수,사과고구마그라탕,갈치구이,876,359,사과고구마그라탕 / 갈치구이
2019-06-13,2019,0,23.0,28.8,16.6,여름,6,목,닭볶음탕,훈제오리냉채,679,520,닭볶음탕 / 훈제오리냉채
2019-06-14,2019,0,23.0,28.4,19.1,여름,6,금,사천식탕수육,미트볼케찹조림,538,373,사천식탕수육 / 미트볼케찹조림
2019-06-17,2019,0,21.7,26.2,18.1,여름,6,월,돼지고기유자청볶음,류산슬,1099,534,돼지고기유자청볶음 / 류산슬
2019-06-18,2019,0,20.8,24.8,17.0,여름,6,화,매운돼지갈비찜,토마토스파게티,853,491,매운돼지갈비찜 / 토마토스파게티
2019-06-19,2019,0,21.4,25.4,18.9,여름,6,수,깐풍기,닭갈비,882,420,깐풍기 / 닭갈비
2019-06-20,2019,0,22.7,27.8,19.8,여름,6,목,주꾸미볶음,유린기,625,419,주꾸미볶음 / 유린기
2019-06-21,2019,0,22.1,26.1,19.4,여름,6,금,소고기장조림,미니야채떡갈비,505,381,소고기장조림 / 미니야채떡갈비
2019-06-24,2019,0,25.2,30.9,20.9,여름,6,월,소불고기,오징어굴소스볶음,1105,540,소불고기 / 오징어굴소스볶음
2019-06-25,2019,0,25.6,32.8,19.5,여름,6,화,돈육장조림,고추잡채*꽃빵,775,472,돈육장조림 / 고추잡채*꽃빵
2019-06-27,2019,0,25.5,31.2,21.9,여름,6,목,양념치킨,소고기퀘사디아,808,501,양념치킨 / 소고기퀘사디아
2019-06-28,2019,0,24.7,29.0,22.3,여름,6,금,치킨핑거*요거트드레싱,돈육강정,535,373,치킨핑거*요거트드레싱 / 돈육강정
2019-07-01,2019,0,23.9,28.9,20.6,여름,7,월,치즈함박스테이크,고등어구이,1175,512,치즈함박스테이크 / 고등어구이
2019-07-02,2019,0,24.4,30.1,20.8,여름,7,화,쇠고기낙지볶음,생선까스*탈탈소스,787,504,쇠고기낙지볶음 / 생선까스*탈탈소스
2019-07-03,2019,0,24.1,27.4,21.2,여름,7,수,치킨너겟,돈육간장볶음,910,324,치킨너겟 / 돈육간장볶음
2019-07-04,2019,0,25.4,32.8,20.0,여름,7,목,짬뽕불고기,해물부추전,699,565,짬뽕불고기 / 해물부추전
2019-07-05,2019,0,27.6,35.0,20.2,여름,7,금,훈제오리구이,레몬탕수육,546,371,훈제오리구이 / 레몬탕수육
2019-07-08,2019,0,25.1,31.0,21.2,여름,7,월,버섯불고기,해물누룽지탕,985,465,버섯불고기 / 해물누룽지탕
2019-07-09,2019,0,25.0,30.0,19.7,여름,7,화,닭볶음탕,케이준샐러드,861,472,닭볶음탕 / 케이준샐러드
2019-07-10,2019,0,22.7,27.3,19.3,여름,7,수,깐풍육,가자미튀김,862,326,깐풍육 / 가자미튀김
2019-07-11,2019,0,21.9,25.9,19.5,여름,7,목,삼겹보쌈,언양식불고기,730,475,삼겹보쌈 / 언양식불고기
2019-07-12,2019,1,23.6,28.7,20.0,여름,7,금,찹쌀밥,소고기장조림,856,385,찹쌀밥 / 소고기장조림
2019-07-15,2019,0,23.8,27.4,22.1,여름,7,월,돈육굴소스볶음,오징어볶음*소면,1127,453,돈육굴소스볶음 / 오징어볶음*소면
2019-07-16,2019,0,24.7,28.8,21.4,여름,7,화,닭갈비,떡볶이,952,477,닭갈비 / 떡볶이
2019-07-17,2019,0,25.6,29.2,22.3,여름,7,수,야채튀김,돼지고기장조림,814,274,야채튀김 / 돼지고기장조림
2019-07-18,2019,0,26.9,32.1,23.3,여름,7,목,미니채소떡갈비,옛날왕돈가스,734,455,미니채소떡갈비 / 옛날왕돈가스
2019-07-19,2019,0,28.6,35.0,22.8,여름,7,금,갈치구이,안동찜닭,538,367,갈치구이 / 안동찜닭
2019-07-22,2019,1,26.7,31.0,24.2,여름,7,월,소고기숙주볶음,오리불고기,1013,503,소고기숙주볶음 / 오리불고기
2019-07-23,2019,0,28.1,32.9,24.4,여름,7,화,등갈비김치찜,해물볶음우동,855,516,등갈비김치찜 / 해물볶음우동
2019-07-24,2019,0,26.5,27.2,25.2,여름,7,수,갈비통통만두,대패삼겹*파채,744,322,갈비통통만두 / 대패삼겹*파채
2019-07-25,2019,0,26.3,27.4,25.6,여름,7,목,유린기,사천식탕수육,668,370,유린기 / 사천식탕수육
2019-07-26,2019,0,25.1,25.9,23.7,여름,7,금,고구마함박스테이크,돈육매콤조림,462,336,고구마함박스테이크 / 돈육매콤조림
2019-07-29,2019,0,27.5,30.0,25.6,여름,7,월,유자청제육볶음,버섯불고기,898,431,유자청제육볶음 / 버섯불고기
2019-07-30,2019,0,28.1,30.8,26.3,여름,7,화,장어강정,탄두리치킨,745,457,장어강정 / 탄두리치킨
2019-07-31,2019,0,25.8,27.5,24.0,여름,7,수,해물누룽지탕,자기계발의날,619,0,해물누룽지탕 / 자기계발의날
2019-08-01,2019,0,26.3,30.1,23.5,여름,8,목,닭볶음탕,돈육강정,648,463,닭볶음탕 / 돈육강정
2019-08-02,2019,0,28.4,33.1,24.7,여름,8,금,미트볼케찹조림,고등어구이,440,274,미트볼케찹조림 / 고등어구이
2019-08-05,2019,0,30.5,35.9,25.6,여름,8,월,닭갈비,꽁치오븐구이,936,445,닭갈비 / 꽁치오븐구이
2019-08-06,2019,0,31.6,36.8,27.9,여름,8,화,짬뽕불고기,로제파스타,798,513,짬뽕불고기 / 로제파스타
2019-08-07,2019,0,26.9,30.3,23.9,여름,8,수,고추잡채*꽃빵,돈육장조림,841,304,고추잡채*꽃빵 / 돈육장조림
2019-08-08,2019,0,28.9,32.7,25.9,여름,8,목,돼지갈비찜,닭오븐구이,781,482,돼지갈비찜 / 닭오븐구이
2019-08-09,2019,0,29.8,34.6,26.0,여름,8,금,주꾸미볶음,등뼈김치찜,641,401,주꾸미볶음 / 등뼈김치찜
2019-08-12,2019,0,26.6,28.5,24.8,여름,8,월,소고기숙주볶음,양념치킨,1073,527,소고기숙주볶음 / 양념치킨
2019-08-13,2019,0,29.2,35.3,25.1,여름,8,화,언양식불고기,까르보나라떡볶이,813,519,언양식불고기 / 까르보나라떡볶이
2019-08-14,2019,0,30.4,35.7,25.9,여름,8,수,유린기,오징어볶음*소면,713,421,유린기 / 오징어볶음*소면
2019-08-16,2019,0,25.9,29.5,23.0,여름,8,금,쇠고기장조림,돈육굴소스볶음,466,313,쇠고기장조림 / 돈육굴소스볶음
2019-08-19,2019,0,26.3,31.3,21.2,여름,8,월,유자청제육볶음,안동찜닭,1249,530,유자청제육볶음 / 안동찜닭
2019-08-20,2019,0,28.2,32.8,23.2,여름,8,화,닭강정,해물까스*칠리소스,955,534,닭강정 / 해물까스*칠리소스
2019-08-21,2019,0,27.0,30.4,24.4,여름,8,수,오징어튀김,소고기낙지볶음,923,423,오징어튀김 / 소고기낙지볶음
2019-08-22,2019,0,26.9,31.4,23.0,여름,8,목,류산슬,탕수육,880,514,류산슬 / 탕수육
2019-08-23,2019,0,26.2,30.5,22.7,여름,8,금,미니채소떡갈비,동파삼겹수육,599,393,미니채소떡갈비 / 동파삼겹수육
2019-08-26,2019,0,26.4,32.1,21.5,여름,8,월,함박스테이크,돈육간장볶음,1221,547,함박스테이크 / 돈육간장볶음
2019-08-27,2019,0,25.7,29.3,22.2,여름,8,화,버섯불고기,찹쌀순대볶음,921,516,버섯불고기 / 찹쌀순대볶음
2019-08-29,2019,0,23.4,26.4,20.1,여름,8,목,훈제오리구이,소고기퀘사디아,845,550,훈제오리구이 / 소고기퀘사디아
2019-08-30,2019,0,22.6,27.0,19.5,여름,8,금,굴비구이,마늘치킨,575,385,굴비구이 / 마늘치킨
2019-09-02,2019,0,24.4,29.7,19.4,가을,9,월,돈육김치볶음,파닭,1363,609,돈육김치볶음 / 파닭
2019-09-03,2019,0,24.1,28.0,22.0,가을,9,화,소고기장조림,치킨샐러드,944,573,소고기장조림 / 치킨샐러드
2019-09-04,2019,0,22.8,25.5,21.2,가을,9,수,새송이너비아니구이,돈육강정,769,412,새송이너비아니구이 / 돈육강정
2019-09-05,2019,0,23.0,27.6,21.5,가을,9,목,매운돼지갈비찜,야채튀김,778,557,매운돼지갈비찜 / 야채튀김
2019-09-06,2019,0,25.3,29.1,21.6,가을,9,금,수제돈까스,소고기숙주볶음,687,349,수제돈까스 / 소고기숙주볶음
2019-09-09,2019,0,25.1,28.0,22.4,가을,9,월,짬뽕불고기,닭갈비,1228,612,짬뽕불고기 / 닭갈비
2019-09-10,2019,0,23.8,26.5,22.1,가을,9,화,사천식탕수육,토마토스파게티,812,541,사천식탕수육 / 토마토스파게티
2019-09-11,2019,0,24.3,28.7,20.4,가을,9,수,생선까스*칠리소스,고추잡채*꽃빵,916,123,생선까스*칠리소스 / 고추잡채*꽃빵
2019-09-16,2019,0,24.5,30.5,20.7,가을,9,월,훈제오리고추장볶음,치즈함박스테이크,1283,687,훈제오리고추장볶음 / 치즈함박스테이크
2019-09-17,2019,0,23.5,29.0,18.0,가을,9,화,돈육굴소스볶음,또띠아피자,1010,640,돈육굴소스볶음 / 또띠아피자
2019-09-18,2019,0,21.0,25.4,16.0,가을,9,수,탄두리치킨,쇠고기숙주볶음,1006,418,탄두리치킨 / 쇠고기숙주볶음
2019-09-19,2019,0,19.5,26.0,13.6,가을,9,목,주꾸미볶음,김치전,701,480,주꾸미볶음 / 김치전
2019-09-20,2019,0,19.6,24.2,15.8,가을,9,금,대패삼겹*파채,안동찜닭,662,415,대패삼겹*파채 / 안동찜닭
2019-09-23,2019,0,20.0,24.6,16.9,가을,9,월,유자청제육볶음,고등어구이,1239,595,유자청제육볶음 / 고등어구이
2019-09-24,2019,0,19.8,26.5,13.9,가을,9,화,버섯불고기,닭볶음탕,899,570,버섯불고기 / 닭볶음탕
2019-09-25,2019,0,20.9,27.4,14.8,가을,9,수,돈육강정,*,803,0,돈육강정 / *
2019-09-26,2019,0,22.9,29.0,17.7,가을,9,목,해물누룽지탕,깐풍기,620,474,해물누룽지탕 / 깐풍기
2019-09-27,2019,0,22.9,27.0,19.6,가을,9,금,언양식불고기,돈육간장볶음,722,368,언양식불고기 / 돈육간장볶음
2019-09-30,2019,0,22.4,29.9,16.4,가을,9,월,짬뽕불고기,오징어볶음,1030,516,짬뽕불고기 / 오징어볶음
2019-10-02,2019,0,21.6,24.2,20.0,가을,10,수,닭갈비,쇠고기장조림,1241,743,닭갈비 / 쇠고기장조림
2019-10-04,2019,0,22.4,27.8,18.0,가을,10,금,소불고기,함박스테이크,1215,755,소불고기 / 함박스테이크
2019-10-07,2019,0,14.8,17.9,13.3,가을,10,월,돈육굴소스볶음,갈치구이,1133,492,돈육굴소스볶음 / 갈치구이
2019-10-08,2019,0,14.7,19.8,10.6,가을,10,화,마늘간장치킨,고구마치즈구이,883,521,마늘간장치킨 / 고구마치즈구이
2019-10-10,2019,0,15.2,19.8,10.7,가을,10,목,굴비구이,쇠고기퀘사디아,862,546,굴비구이 / 쇠고기퀘사디아
2019-10-11,2019,0,18.8,26.1,13.0,가을,10,금,매운돼지갈비찜,탕수어,566,312,매운돼지갈비찜 / 탕수어
2019-10-14,2019,0,14.4,19.6,9.5,가을,10,월,제육볶음,주꾸미볶음,1140,601,제육볶음 / 주꾸미볶음
2019-10-15,2019,0,14.5,20.4,8.8,가을,10,화,닭갈비,통새우또띠아,867,550,닭갈비 / 통새우또띠아
2019-10-16,2019,0,14.6,20.8,9.0,가을,10,수,돈육강정,꽁치구이,765,334,돈육강정 / 꽁치구이
2019-10-18,2019,0,17.0,22.7,12.0,가을,10,금,쇠고기장조림,후르츠탕수육,581,345,쇠고기장조림 / 후르츠탕수육
2019-10-21,2019,0,17.1,24.6,10.9,가을,10,월,훈제오리단호박볶음,언양식불고기,1107,561,훈제오리단호박볶음 / 언양식불고기
2019-10-22,2019,0,18.1,24.4,13.3,가을,10,화,짬뽕불고기,떡볶이,1090,446,짬뽕불고기 / 떡볶이
2019-10-23,2019,0,17.0,20.7,14.3,가을,10,수,유린기,소고기버섯볶음,785,419,유린기 / 소고기버섯볶음
2019-10-24,2019,0,18.3,23.8,15.3,가을,10,목,등갈비김치말이,돈육간장강정,705,409,등갈비김치말이 / 돈육간장강정
2019-10-25,2019,0,16.7,22.0,13.1,가을,10,금,생선까스*칠리소스,류산슬,546,304,생선까스*칠리소스 / 류산슬
2019-10-28,2019,0,12.9,17.7,7.4,가을,10,월,유자청제육볶음,가자미카레튀김,915,436,유자청제육볶음 / 가자미카레튀김
2019-10-29,2019,0,12.5,17.6,8.2,가을,10,화,오징어볶음,닭오븐구이,808,517,오징어볶음 / 닭오븐구이
2019-10-30,2019,0,11.2,17.7,5.0,가을,10,수,치킨핑거,*,771,0,치킨핑거 / *
2019-10-31,2019,0,14.8,19.7,8.4,가을,10,목,동파삼겹수육,또띠아피자,671,475,동파삼겹수육 / 또띠아피자
2019-11-01,2019,0,14.9,20.5,11.4,가을,11,금,딸기드레싱샐러드,돈육장조림,586,317,딸기드레싱샐러드 / 돈육장조림
2019-11-04,2019,0,13.8,20.3,9.2,가을,11,월,소고기낙지볶음,함박스테이크,1058,552,소고기낙지볶음 / 함박스테이크
2019-11-05,2019,0,12.4,18.4,8.4,가을,11,화,순살파닭,야채튀김,773,475,순살파닭 / 야채튀김
2019-11-06,2019,0,11.0,16.5,6.3,가을,11,수,시금치프리타타,황태양념구이,773,321,시금치프리타타 / 황태양념구이
2019-11-07,2019,0,9.2,13.6,5.0,가을,11,목,미니채소떡갈비,로제파스타,700,460,미니채소떡갈비 / 로제파스타
2019-11-08,2019,0,6.8,13.0,1.1,가을,11,금,사천식탕수육,대패삼겹*파채,535,321,사천식탕수육 / 대패삼겹*파채
2019-11-11,2019,0,11.2,15.1,7.9,가을,11,월,언양식불고기*양파채,훈제오리불고기,1079,489,언양식불고기*양파채 / 훈제오리불고기
2019-11-12,2019,0,9.3,14.5,4.8,가을,11,화,주꾸미볶음,쇠고기퀘사디아,769,456,주꾸미볶음 / 쇠고기퀘사디아
2019-11-13,2019,0,7.2,11.3,3.0,가을,11,수,돈육강정,등갈비바베큐조림,733,328,돈육강정 / 등갈비바베큐조림
2019-11-14,2019,0,1.3,5.0,-2.5,가을,11,목,해물누룽지탕,부추전,677,466,해물누룽지탕 / 부추전
2019-11-15,2019,0,5.6,7.6,1.4,가을,11,금,치킨텐더샐러드,소불고기,543,342,치킨텐더샐러드 / 소불고기
2019-11-18,2019,0,4.6,12.7,0.4,가을,11,월,소고기장조림,짬뽕불고기,1032,527,소고기장조림 / 짬뽕불고기
2019-11-19,2019,0,0.2,4.0,-3.5,가을,11,화,탕수어,찹쌀순대볶음,762,529,탕수어 / 찹쌀순대볶음
2019-11-20,2019,0,0.5,6.3,-4.6,가을,11,수,닭강정,삼겹살구이,759,386,닭강정 / 삼겹살구이
2019-11-21,2019,0,4.2,9.0,-2.3,가을,11,목,류산슬,유린기,613,442,류산슬 / 유린기
2019-11-22,2019,0,9.7,17.3,3.0,가을,11,금,생선까스,미트볼조림,551,313,생선까스 / 미트볼조림
2019-11-25,2019,0,1.9,6.0,-1.2,가을,11,월,버섯불고기,삼겹보쌈,1097,609,버섯불고기 / 삼겹보쌈
2019-11-26,2019,0,6.6,13.7,1.2,가을,11,화,누룽지탕수육,크림카레우동,816,511,누룽지탕수육 / 크림카레우동
2019-11-28,2019,0,3.5,10.4,-0.6,가을,11,목,닭볶음탕,오징어튀김,644,460,닭볶음탕 / 오징어튀김
2019-11-29,2019,0,1.5,6.9,-3.4,가을,11,금,모듬튀김,굴비구이,572,256,모듬튀김 / 굴비구이
2019-12-02,2019,0,-0.1,2.8,-3.2,겨울,12,월,훈제오리구이,오징어볶음,1140,580,훈제오리구이 / 오징어볶음
2019-12-03,2019,0,0.5,4.2,-5.0,겨울,12,화,마늘간장치킨,미니햄버거,873,566,마늘간장치킨 / 미니햄버거
2019-12-04,2019,0,2.0,7.2,-2.0,겨울,12,수,해물까스*칠리소스,돈육강정,879,329,해물까스*칠리소스 / 돈육강정
2019-12-05,2019,0,-4.4,-0.2,-8.5,겨울,12,목,닭갈비,케이준샐러드,779,483,닭갈비 / 케이준샐러드
2019-12-06,2019,0,-5.9,-1.0,-10.6,겨울,12,금,수제돈가스,함박스테이크,631,315,수제돈가스 / 함박스테이크
2019-12-09,2019,0,3.2,8.0,-1.3,겨울,12,월,유자청돈육볶음,닭데리야끼조림,1120,521,유자청돈육볶음 / 닭데리야끼조림
2019-12-10,2019,0,8.1,10.8,6.0,겨울,12,화,유린기,해물떡볶이,742,519,유린기 / 해물떡볶이
2019-12-11,2019,0,6.3,9.8,0.1,겨울,12,수,새송이너비아니구이,버섯불고기,858,327,새송이너비아니구이 / 버섯불고기
2019-12-12,2019,0,-0.7,3.4,-3.5,겨울,12,목,매운돼지갈비찜,깐풍육,731,411,매운돼지갈비찜 / 깐풍육
2019-12-13,2019,0,2.1,5.9,-3.7,겨울,12,금,안동찜닭,미니떡갈비조림,639,380,안동찜닭 / 미니떡갈비조림
2019-12-16,2019,0,7.8,12.9,2.1,겨울,12,월,훈제오리볶음,양념치킨,1103,464,훈제오리볶음 / 양념치킨
2019-12-17,2019,0,7.7,10.2,3.2,겨울,12,화,소고기숙주볶음,복주머니딤섬*장,739,472,소고기숙주볶음 / 복주머니딤섬*장
2019-12-18,2019,0,0.8,5.2,-1.7,겨울,12,수,언양식불고기*양파채,돈육간장볶음,683,278,언양식불고기*양파채 / 돈육간장볶음
2019-12-19,2019,0,-0.8,3.1,-4.5,겨울,12,목,대패삼겹*파채,해물전,862,321,대패삼겹*파채 / 해물전
2019-12-20,2019,0,-1.1,2.0,-3.5,겨울,12,금,매운닭찜,오징어볶음*소면,481,353,매운닭찜 / 오징어볶음*소면
2019-12-23,2019,0,3.4,5.2,0.3,겨울,12,월,돈육김치볶음,주꾸미볶음,741,124,돈육김치볶음 / 주꾸미볶음
2019-12-24,2019,0,0.8,6.5,-2.9,겨울,12,화,치킨핑거,크림스프,462,221,치킨핑거 / 크림스프
2019-12-26,2019,0,2.0,4.1,-2.4,겨울,12,목,짬뽕불고기,새우또띠아,594,203,짬뽕불고기 / 새우또띠아
2019-12-27,2019,0,-1.7,2.6,-4.6,겨울,12,금,사천식탕수육,굴비구이,387,226,사천식탕수육 / 굴비구이
2019-12-30,2019,0,2.7,6.8,-5.7,겨울,12,월,버섯불고기,고등어구이,652,132,버섯불고기 / 고등어구이
2020-01-02,2020,0,1.0,3.8,-0.7,겨울,1,목,제육볶음,생선까스*탈탈소스,985,362,제육볶음 / 생선까스*탈탈소스
2020-01-03,2020,0,-0.1,4.6,-3.4,겨울,1,금,탕수어,돈육장조림,635,344,탕수어 / 돈육장조림
2020-01-06,2020,0,3.1,4.6,0.6,겨울,1,월,돈육김치볶음,해물누룽지탕,1133,389,돈육김치볶음 / 해물누룽지탕
2020-01-07,2020,0,6.3,7.7,4.2,겨울,1,화,순살파닭,새우까스*칠리소스,904,490,순살파닭 / 새우까스*칠리소스
2020-01-08,2020,0,2.4,8.9,-0.4,겨울,1,수,돈육강정,주꾸미볶음,740,321,돈육강정 / 주꾸미볶음
2020-01-09,2020,0,-1.2,2.0,-3.1,겨울,1,목,가자미튀김,양송이스프,773,474,가자미튀김 / 양송이스프
2020-01-10,2020,0,-0.6,4.2,-4.3,겨울,1,금,또띠아피자,소고기장조림,573,320,또띠아피자 / 소고기장조림
2020-01-13,2020,0,-2.9,0.2,-4.7,겨울,1,월,훈제오리구이,소고기숙주볶음,945,454,훈제오리구이 / 소고기숙주볶음
2020-01-14,2020,0,-2.3,2.6,-5.7,겨울,1,화,함박스테이크*소스,떡볶이,820,272,함박스테이크*소스 / 떡볶이
2020-01-15,2020,0,-2.7,2.2,-6.4,겨울,1,수,오징어숙회무침,돈육고추장볶음,633,350,오징어숙회무침 / 돈육고추장볶음
2020-01-16,2020,0,-1.7,3.2,-5.5,겨울,1,목,묵은지닭찜,탕수육,761,457,묵은지닭찜 / 탕수육
2020-01-17,2020,0,-0.6,4.9,-4.8,겨울,1,금,토마토스파게티,미니떡갈비조림,696,344,토마토스파게티 / 미니떡갈비조림
2020-01-20,2020,0,0.7,5.5,-3.3,겨울,1,월,닭갈비,간장불고기,1075,439,닭갈비 / 간장불고기
2020-01-21,2020,0,-0.4,5.5,-5.6,겨울,1,화,등갈비김치찜,감자만두,868,478,등갈비김치찜 / 감자만두
2020-01-22,2020,0,3.0,7.8,-0.1,겨울,1,수,허니버터치킨,주꾸미삼겹살볶음,782,354,허니버터치킨 / 주꾸미삼겹살볶음
2020-01-23,2020,0,4.6,9.9,0.0,겨울,1,목,돼지갈비찜,해물파전,685,117,돼지갈비찜 / 해물파전
2020-01-28,2020,0,6.8,9.9,4.3,겨울,1,화,오리고추장볶음,깐풍육,1042,639,오리고추장볶음 / 깐풍육
2020-01-29,2020,0,6.0,9.6,3.2,겨울,1,수,치킨핑거,자기개발의날,1197,0,치킨핑거 / 자기개발의날
2020-01-30,2020,0,5.2,10.4,1.4,겨울,1,목,닭오븐구이,수제고로케,736,497,닭오븐구이 / 수제고로케
2020-01-31,2020,0,3.9,8.9,1.4,겨울,1,금,오징어튀김,돈육장조림,623,368,오징어튀김 / 돈육장조림
2020-02-03,2020,0,-0.4,3.0,-2.9,겨울,2,월,쇠고기낙지볶음,유린기,1081,495,쇠고기낙지볶음 / 유린기
2020-02-04,2020,0,-1.6,3.9,-6.0,겨울,2,화,돈육강정,해물까스,849,304,돈육강정 / 해물까스
2020-02-05,2020,0,-8.3,-4.9,-11.0,겨울,2,수,언양식불고기,오징어볶음,660,276,언양식불고기 / 오징어볶음
2020-02-06,2020,0,-6.4,0.4,-11.8,겨울,2,목,동파삼겹수육,쫄면야채무침,637,369,동파삼겹수육 / 쫄면야채무침
2020-02-07,2020,0,-1.7,2.2,-7.2,겨울,2,금,굴비구이,제육볶음,539,326,굴비구이 / 제육볶음
2020-02-10,2020,0,4.0,9.6,-0.7,겨울,2,월,소고기숙주볶음,고추잡채&꽃빵,1233,633,소고기숙주볶음 / 고추잡채&꽃빵
2020-02-11,2020,0,6.8,14.6,-0.5,겨울,2,화,레몬탕수육,참치야채전,1075,668,레몬탕수육 / 참치야채전
2020-02-12,2020,0,7.4,8.2,6.5,겨울,2,수,닭데리야끼조림,류산슬,1173,411,닭데리야끼조림 / 류산슬
2020-02-13,2020,0,6.5,8.7,4.9,겨울,2,목,돈육간장볶음,부추전,834,575,돈육간장볶음 / 부추전
2020-02-14,2020,0,8.1,14.7,3.2,겨울,2,금,크림새우,수제돈가스&소스,776,436,크림새우 / 수제돈가스&소스
2020-02-17,2020,0,-5.9,-3.9,-7.1,겨울,2,월,유자청제육볶음,안동찜닭,1370,649,유자청제육볶음 / 안동찜닭
2020-02-18,2020,0,-4.1,1.3,-8.3,겨울,2,화,주꾸미볶음,계란떡볶이,939,630,주꾸미볶음 / 계란떡볶이
2020-02-19,2020,0,1.0,6.4,-4.4,겨울,2,수,사과고구마그라탕,해물누룽지탕,930,434,사과고구마그라탕 / 해물누룽지탕
2020-02-20,2020,0,4.6,10.8,-0.6,겨울,2,목,간장마늘치킨,새우까스*와사비소스,826,542,간장마늘치킨 / 새우까스*와사비소스
2020-02-21,2020,0,6.7,10.9,2.1,겨울,2,금,짬뽕불고기,고등어구이,627,380,짬뽕불고기 / 고등어구이
2020-02-24,2020,0,7.0,12.2,0.8,겨울,2,월,돈육김치볶음,가자미카레튀김,1282,767,돈육김치볶음 / 가자미카레튀김
2020-02-25,2020,0,6.7,9.4,4.7,겨울,2,화,훈제오리구이,소고기퀘사디아,1238,776,훈제오리구이 / 소고기퀘사디아
2020-02-26,2020,0,6.4,10.4,2.8,겨울,2,수,치킨텐더*콘소스D,자기개발의날,1105,0,치킨텐더*콘소스D / 자기개발의날
2020-02-27,2020,0,6.1,12.5,1.3,겨울,2,목,닭갈비,사천식탕수육,1000,673,닭갈비 / 사천식탕수육
2020-02-28,2020,0,4.5,5.9,3.6,겨울,2,금,소고기장조림,돼지갈비찜,750,414,소고기장조림 / 돼지갈비찜
2020-03-02,2020,0,3.4,7.6,0.0,봄,3,월,소고기버섯볶음,삼겹살구이,1362,771,소고기버섯볶음 / 삼겹살구이
2020-03-03,2020,1,4.8,10.5,0.3,봄,3,화,오징어볶음*소면,로제스파게티,1074,598,오징어볶음*소면 / 로제스파게티
2020-03-04,2020,0,2.2,4.6,-1.3,봄,3,수,갈치구이,미니채소떡갈비,999,462,갈치구이 / 미니채소떡갈비
2020-03-05,2020,0,1.4,6.3,-2.8,봄,3,목,수원왕갈비통닭,순대야채볶음,989,630,수원왕갈비통닭 / 순대야채볶음
2020-03-06,2020,0,3.7,10.1,-2.5,봄,3,금,돈육간장볶음,모듬버섯탕수육,642,379,돈육간장볶음 / 모듬버섯탕수육
2020-03-09,2020,0,11.1,17.6,4.8,봄,3,월,소불고기,동파육,1276,640,소불고기 / 동파육
2020-03-10,2020,0,6.4,10.8,3.2,봄,3,화,가자미엿장조림,멘보샤*칠리S,1019,575,가자미엿장조림 / 멘보샤*칠리S
2020-03-11,2020,0,3.8,8.3,0.0,봄,3,수,감자만두*양념,등갈비오븐구이,967,487,감자만두*양념 / 등갈비오븐구이
2020-03-12,2020,0,6.8,13.3,0.2,봄,3,목,해물돼지갈비찜,메추리알치즈떡볶이,804,614,해물돼지갈비찜 / 메추리알치즈떡볶이
2020-03-13,2020,0,4.9,8.7,-0.1,봄,3,금,동태포전,닭불고기,593,343,동태포전 / 닭불고기
2020-03-16,2020,0,3.6,9.1,-2.1,봄,3,월,돈육굴소스볶음,묵은지닭찜,1284,630,돈육굴소스볶음 / 묵은지닭찜
2020-03-17,2020,0,6.6,12.3,3.1,봄,3,화,차돌박이숙주볶음,미트볼피망볶음,914,520,차돌박이숙주볶음 / 미트볼피망볶음
2020-03-18,2020,0,10.0,17.0,2.7,봄,3,수,레몬유린기,코다리강정,831,383,레몬유린기 / 코다리강정
2020-03-19,2020,0,9.1,12.1,5.8,봄,3,목,짜장닭볶음,팽이장국,829,541,짜장닭볶음 / 팽이장국
2020-03-20,2020,0,8.8,14.0,3.1,봄,3,금,칠리새우,치즈함박스테이크,627,358,칠리새우 / 치즈함박스테이크
2020-03-23,2020,0,10.6,17.0,5.4,봄,3,월,오리양념불고기*쌈무,삼치튀김*데리야끼,1110,651,오리양념불고기*쌈무 / 삼치튀김*데리야끼
2020-03-24,2020,0,11.4,17.9,5.3,봄,3,화,해물누룽지탕,돈육고구마강정,1083,754,해물누룽지탕 / 돈육고구마강정
2020-03-25,2020,0,12.5,19.2,6.1,봄,3,수,목살스테이크,생야채*쌈짱,1022,526,목살스테이크 / 생야채*쌈짱
2020-03-26,2020,0,14.8,20.6,8.1,봄,3,목,제육볶음,해물까스*와사비소스,955,645,제육볶음 / 해물까스*와사비소스
2020-03-27,2020,0,11.9,15.8,6.7,봄,3,금,치킨너겟,언양식불고기,839,377,치킨너겟 / 언양식불고기
2020-03-30,2020,0,10.2,16.9,4.3,봄,3,월,주꾸미볶음,더덕고추장불고기,1000,625,주꾸미볶음 / 더덕고추장불고기
2020-03-31,2020,0,11.9,18.6,4.7,봄,3,화,안동찜닭,오징어어묵무침,859,601,안동찜닭 / 오징어어묵무침
2020-04-01,2020,0,11.3,17.4,6.0,봄,4,수,삼겹살수육&풋고추,통마늘너비아니조림,939,561,삼겹살수육&풋고추 / 통마늘너비아니조림
2020-04-02,2020,0,9.3,15.5,3.4,봄,4,목,등갈비김치찜,비프스파게티,1009,645,등갈비김치찜 / 비프스파게티
2020-04-03,2020,0,10.0,16.3,5.3,봄,4,금,고추튀김,소고기메추리알장조림,802,318,고추튀김 / 소고기메추리알장조림
2020-04-06,2020,0,9.3,16.1,2.9,봄,4,월,오리불고기,칠리미트볼조림,1161,655,오리불고기 / 칠리미트볼조림
2020-04-07,2020,0,10.6,16.8,6.0,봄,4,화,후르츠탕수육,고구마떡볶이,969,634,후르츠탕수육 / 고구마떡볶이
2020-04-08,2020,0,9.4,14.2,5.2,봄,4,수,닭강정,꽁치한마리구이,1032,445,닭강정 / 꽁치한마리구이
2020-04-09,2020,0,8.9,14.7,4.3,봄,4,목,소고기브로컬리볶음,삼겹살야채비빔면,880,458,소고기브로컬리볶음 / 삼겹살야채비빔면
2020-04-10,2020,0,10.7,16.8,5.8,봄,4,금,고구마고로케,매운돼지갈비찜,780,302,고구마고로케 / 매운돼지갈비찜
2020-04-13,2020,0,12.4,20.4,4.3,봄,4,월,치즈닭갈비,돈육두릅장조림,1145,564,치즈닭갈비 / 돈육두릅장조림
2020-04-14,2020,0,13.0,19.6,7.6,봄,4,화,LA갈비구이,(돈육:국내산),879,453,LA갈비구이 / (돈육:국내산)
2020-04-16,2020,0,16.0,23.8,8.9,봄,4,목,육전,닭봉오븐구이,947,500,육전 / 닭봉오븐구이
2020-04-17,2020,0,12.5,15.4,10.4,봄,4,금,바질페스토스파게티,달래새우전,759,305,바질페스토스파게티 / 달래새우전
2020-04-20,2020,0,10.0,13.1,7.6,봄,4,월,우엉불고기,고등어카레구이,1089,594,우엉불고기 / 고등어카레구이
2020-04-21,2020,0,7.4,10.4,4.8,봄,4,화,오향장육,오리훈제마늘볶음,911,542,오향장육 / 오리훈제마늘볶음
2020-04-22,2020,0,6.0,8.3,4.1,봄,4,수,춘천닭갈비,오삼불고기,945,439,춘천닭갈비 / 오삼불고기
2020-04-23,2020,0,7.9,12.8,2.9,봄,4,목,고구마치즈돈까스,함박스테이크,880,461,고구마치즈돈까스 / 함박스테이크
2020-04-24,2020,0,9.9,14.3,4.1,봄,4,금,카레닭볶음,순대야채볶음,639,309,카레닭볶음 / 순대야채볶음
2020-04-27,2020,0,12.9,18.3,8.7,봄,4,월,수원왕갈비,꽃삼겹김치찜,1223,570,수원왕갈비 / 꽃삼겹김치찜
2020-04-28,2020,0,13.9,19.9,7.8,봄,4,화,깻잎전,매운돈갈비찜,824,482,깻잎전 / 매운돈갈비찜
2020-04-29,2020,0,14.9,21.0,9.3,봄,4,수,장어구이*소스,로제찜닭*마늘빵,680,192,장어구이*소스 / 로제찜닭*마늘빵
2020-05-04,2020,0,20.2,25.3,14.8,봄,5,월,삼겹살더덕고추장구이,갈릭파닭,504,123,삼겹살더덕고추장구이 / 갈릭파닭
2020-05-06,2020,0,19.4,27.6,11.1,봄,5,수,해물전,치킨텐더,1254,495,해물전 / 치킨텐더
2020-05-07,2020,0,20.7,26.5,14.9,봄,5,목,히레카츠*소스,조기구이,959,462,히레카츠*소스 / 조기구이
2020-05-08,2020,0,19.9,27.3,14.3,봄,5,금,해물섞어찜,새우로제파스타,620,371,해물섞어찜 / 새우로제파스타
2020-05-11,2020,0,16.5,22.0,12.4,봄,5,월,냉족발야채무침,닭윙강정튀김,1249,599,냉족발야채무침 / 닭윙강정튀김
2020-05-12,2020,0,14.3,18.9,10.5,봄,5,화,소갈비찜,안동찜닭,968,486,소갈비찜 / 안동찜닭
2020-05-13,2020,0,16.1,21.8,10.2,봄,5,수,떡갈비,물만두탕수*소스,844,403,떡갈비 / 물만두탕수*소스
2020-05-14,2020,0,19.3,25.4,12.4,봄,5,목,바싹불고기*양파초절임,춘장돈육볶음,793,424,바싹불고기*양파초절임 / 춘장돈육볶음
2020-05-15,2020,0,16.1,20.2,14.1,봄,5,금,생선까스*타르,매운등뼈조림,614,265,생선까스*타르 / 매운등뼈조림
2020-05-18,2020,0,19.1,26.8,13.2,봄,5,월,제육볶음,깐풍기,1141,573,제육볶음 / 깐풍기
2020-05-19,2020,0,13.0,17.1,10.1,봄,5,화,닭볶음탕,고구마맛탕,935,440,닭볶음탕 / 고구마맛탕
2020-05-20,2020,0,14.4,20.1,9.2,봄,5,수,후르츠탕수육,고등어구이,791,336,후르츠탕수육 / 고등어구이
2020-05-21,2020,0,17.4,22.9,10.9,봄,5,목,주꾸미볶음,또띠아피자,653,445,주꾸미볶음 / 또띠아피자
2020-05-22,2020,0,18.5,22.7,14.8,봄,5,금,야채비빔만두,고구마까스*소스,512,291,야채비빔만두 / 고구마까스*소스
2020-05-25,2020,0,16.6,21.3,13.7,봄,5,월,짬뽕불고기,해물누룽지탕,1062,488,짬뽕불고기 / 해물누룽지탕
2020-05-26,2020,0,16.2,22.9,12.7,봄,5,화,고추잡채*꽃빵,로제파스타,781,502,고추잡채*꽃빵 / 로제파스타
2020-05-27,2020,0,17.4,23.9,11.8,봄,5,수,꽁치한마리구이,돼지갈비찜,704,339,꽁치한마리구이 / 돼지갈비찜
2020-05-28,2020,0,18.7,23.4,14.2,봄,5,목,오징어볶음,고추튀김,662,361,오징어볶음 / 고추튀김
2020-05-29,2020,0,20.7,27.6,14.6,봄,5,금,레몬유린기,닭가슴살겨자무침,450,235,레몬유린기 / 닭가슴살겨자무침
2020-06-01,2020,0,19.7,24.5,16.6,여름,6,월,닭갈비,소고기불고기,1114,463,닭갈비 / 소고기불고기
2020-06-02,2020,0,17.9,21.8,14.8,여름,6,화,돈육고추장볶음,과일샐러드,761,434,돈육고추장볶음 / 과일샐러드
2020-06-03,2020,0,22.0,28.4,17.6,여름,6,수,깐풍육,류산슬,693,374,깐풍육 / 류산슬
2020-06-04,2020,0,21.9,26.5,19.7,여름,6,목,소고기장조림,미트볼조림,657,353,소고기장조림 / 미트볼조림
2020-06-05,2020,0,23.0,28.7,18.4,여름,6,금,해물부추전,매운닭찜,505,251,해물부추전 / 매운닭찜
2020-06-08,2020,0,25.0,32.0,19.8,여름,6,월,오삼불고기,갈치튀김,1130,477,오삼불고기 / 갈치튀김
2020-06-09,2020,0,26.7,32.8,20.3,여름,6,화,닭볶음탕,미니돈까스,823,449,닭볶음탕 / 미니돈까스
2020-06-10,2020,0,25.8,32.1,22.5,여름,6,수,치킨핑거,돈육간장볶음,719,320,치킨핑거 / 돈육간장볶음
2020-06-11,2020,0,26.1,31.6,21.7,여름,6,목,굴비구이,코코넛새우튀김,682,439,굴비구이 / 코코넛새우튀김
2020-06-12,2020,0,24.7,27.6,21.6,여름,6,금,양파링카레튀김,떡갈비조림,516,266,양파링카레튀김 / 떡갈비조림
2020-07-01,2020,0,21.1,24.3,18.1,여름,7,수,매운돈갈비찜,깐풍기,866,343,매운돈갈비찜 / 깐풍기
2020-07-02,2020,0,24.2,29.8,20.4,여름,7,목,홍어미나리초무침,구슬떡볶이,675,441,홍어미나리초무침 / 구슬떡볶이
2020-07-03,2020,0,25.5,30.6,21.6,여름,7,금,부추고추전*간장,케이준샐러드,607,269,부추고추전*간장 / 케이준샐러드
2020-07-06,2020,0,25.6,30.9,21.8,여름,7,월,춘천닭갈비,동태포전,1132,454,춘천닭갈비 / 동태포전
2020-07-07,2020,0,24.1,28.1,22.1,여름,7,화,오리불고기,깐쇼새우,917,472,오리불고기 / 깐쇼새우
2020-07-08,2020,0,25.5,30.4,21.3,여름,7,수,오징어초무침,바베큐함박찹스테이크,847,369,오징어초무침 / 바베큐함박찹스테이크
2020-07-09,2020,0,27.5,32.9,21.8,여름,7,목,닭볶음탕,채소튀김*장,717,401,닭볶음탕 / 채소튀김*장
2020-07-10,2020,0,24.5,27.7,22.7,여름,7,금,돈육고추장볶음,아귀콩나물찜,611,246,돈육고추장볶음 / 아귀콩나물찜
2020-07-13,2020,0,18.7,21.7,17.7,여름,7,월,레몬유린기,쌈추전*간장,1260,489,레몬유린기 / 쌈추전*간장
2020-07-14,2020,0,20.3,24.3,17.2,여름,7,화,쭈꾸미삼겹고추장볶음,닭카레볶음,814,342,쭈꾸미삼겹고추장볶음 / 닭카레볶음
2020-07-15,2020,0,23.4,28.7,18.9,여름,7,수,열기어구이,돈육간장볶음,842,343,열기어구이 / 돈육간장볶음
2020-07-16,2020,1,25.0,29.7,20.4,여름,7,목,해물잡채,오리훈제마늘볶음,971,379,해물잡채 / 오리훈제마늘볶음
2020-07-17,2020,0,26.0,31.6,21.5,여름,7,금,수제돈가스*소스,묵은지닭찜,656,237,수제돈가스*소스 / 묵은지닭찜
2020-07-20,2020,0,23.8,26.6,22.4,여름,7,월,돈육김치볶음,해물누룽지,1190,481,돈육김치볶음 / 해물누룽지
2020-07-21,2020,0,25.0,30.5,21.4,여름,7,화,양장피,생선까스*타르타르소스,861,467,양장피 / 생선까스*타르타르소스
2020-07-22,2020,0,23.7,25.7,22.6,여름,7,수,오리불고기,열무비빔국수,823,414,오리불고기 / 열무비빔국수
2020-07-23,2020,0,21.1,22.6,18.5,여름,7,목,깻잎통닭*치킨소스,매운사태찜,758,380,깻잎통닭*치킨소스 / 매운사태찜
2020-07-24,2020,0,22.5,26.8,18.7,여름,7,금,만가닥버섯불고기,갈치무조림,450,237,만가닥버섯불고기 / 갈치무조림
2020-07-27,2020,0,24.3,25.5,22.9,여름,7,월,안동찜닭,섭산적고추장구이,1118,552,안동찜닭 / 섭산적고추장구이
2020-07-28,2020,0,24.4,26.4,22.7,여름,7,화,목살스테이크,사골파국,873,396,목살스테이크 / 사골파국
2020-07-29,2020,0,23.7,24.9,22.6,여름,7,수,삼겹살수육,오징어불고기,871,280,삼겹살수육 / 오징어불고기
2020-07-30,2020,0,25.3,28.4,23.4,여름,7,목,후라이드*강정소스,알리오올리오파스타,704,426,후라이드*강정소스 / 알리오올리오파스타
2020-07-31,2020,0,26.2,29.6,22.8,여름,7,금,새우까스*소스,꽁치양파조림,477,231,새우까스*소스 / 꽁치양파조림
2020-08-03,2020,0,25.0,26.3,23.9,여름,8,월,오리대패불고기,춘천닭갈비,1033,440,오리대패불고기 / 춘천닭갈비
2020-08-04,2020,0,27.0,29.4,25.0,여름,8,화,돈갈비찜,고구마치즈돈까스,776,446,돈갈비찜 / 고구마치즈돈까스
2020-08-05,2020,0,26.5,29.1,25.5,여름,8,수,장어강정,샤워크림새우,720,337,장어강정 / 샤워크림새우
2020-08-06,2020,0,24.1,26.0,22.9,여름,8,목,쭈삼불고기,등심찹쌀꿔바로우,763,373,쭈삼불고기 / 등심찹쌀꿔바로우
2020-08-07,2020,0,24.3,26.1,22.6,여름,8,금,닭다리바베큐오븐구이,매운떡볶이,476,261,닭다리바베큐오븐구이 / 매운떡볶이
2020-08-10,2020,0,26.5,29.5,24.7,여름,8,월,생선까스&소스,비빔채소만두,1011,520,생선까스&소스 / 비빔채소만두
2020-08-11,2020,0,24.6,27.3,22.4,여름,8,화,매운쇠고기버섯볶음,묵은지닭볶음탕,805,342,매운쇠고기버섯볶음 / 묵은지닭볶음탕
2020-08-12,2020,0,27.2,31.3,23.5,여름,8,수,오징어볶음&소면사리,돈육고추장불고기,701,337,오징어볶음&소면사리 / 돈육고추장불고기
2020-08-13,2020,0,28.0,30.3,26.3,여름,8,목,바베큐폭립,삼치엿장구이,594,270,바베큐폭립 / 삼치엿장구이
2020-08-14,2020,0,27.1,28.0,26.5,여름,8,금,살살치킨&칠리소스,고추잡채,477,212,살살치킨&칠리소스 / 고추잡채
2020-08-18,2020,0,27.5,31.9,24.0,여름,8,화,치즈닭갈비,숯불양념꼬치어묵,971,501,치즈닭갈비 / 숯불양념꼬치어묵
2020-08-19,2020,0,27.1,31.4,23.6,여름,8,수,매콤해물볶음,비빔칼국수,801,375,매콤해물볶음 / 비빔칼국수
2020-08-20,2020,0,27.7,31.7,25.0,여름,8,목,오리불고기,치킨까스*소스,749,433,오리불고기 / 치킨까스*소스
2020-08-21,2020,0,26.6,29.2,25.2,여름,8,금,오향장육,갈치조림,514,240,오향장육 / 갈치조림
2020-08-24,2020,0,27.8,32.0,23.7,여름,8,월,콩나물두루치기,주꾸미볶음,1178,608,콩나물두루치기 / 주꾸미볶음
2020-08-25,2020,0,29.9,34.5,26.0,여름,8,화,카레닭찜,언양식바싹불고기,1046,632,카레닭찜 / 언양식바싹불고기
2020-08-26,2020,0,30.2,34.5,27.0,여름,8,수,적어구이&양념장,돈육가지두반장볶음,897,495,적어구이&양념장 / 돈육가지두반장볶음
2020-08-27,2020,0,27.1,28.6,25.6,여름,8,목,돈사태김치찜,오리훈제마늘볶음,963,522,돈사태김치찜 / 오리훈제마늘볶음
2020-08-28,2020,0,27.3,29.7,26.0,여름,8,금,소불고기,아쿠아돈까스,784,354,소불고기 / 아쿠아돈까스
2020-08-31,2020,0,26.4,30.0,23.8,여름,8,월,(New)궁보계정,제육간장불고기,1243,649,(New)궁보계정 / 제육간장불고기
2020-09-01,2020,0,26.6,29.5,23.8,가을,9,화,매콤돼지갈비찜,가자미엿장구이,1021,497,매콤돼지갈비찜 / 가자미엿장구이
2020-09-02,2020,0,24.3,26.4,22.6,가을,9,수,냉족발야채무침,닭볶음탕,1006,390,냉족발야채무침 / 닭볶음탕
2020-09-03,2020,0,22.7,25.6,20.0,가을,9,목,마파두부,새우까스*소스,924,445,마파두부 / 새우까스*소스
2020-09-04,2020,0,23.3,27.5,19.9,가을,9,금,대패삽겹숙주볶음,꽁치한마리구이,746,341,대패삽겹숙주볶음 / 꽁치한마리구이
2020-09-07,2020,0,19.2,20.6,17.5,가을,9,월,생선까스*소스,안동찜닭,1186,603,생선까스*소스 / 안동찜닭
2020-09-08,2020,0,23.4,26.5,20.6,가을,9,화,짜장소스,우불고기,986,478,짜장소스 / 우불고기
2020-09-09,2020,0,21.1,25.3,19.0,가을,9,수,수육*새우젓*쌈장,궁중떡볶이,965,374,수육*새우젓*쌈장 / 궁중떡볶이
2020-09-10,2020,0,22.8,27.0,18.8,가을,9,목,수완왕갈비맛통닭,오징어무침,881,514,수완왕갈비맛통닭 / 오징어무침
2020-09-11,2020,0,22.4,27.1,19.2,가을,9,금,(New)수제어묵소세지핫도그,삼치구이,661,287,(New)수제어묵소세지핫도그 / 삼치구이
2020-09-14,2020,0,21.3,24.9,17.6,가을,9,월,오리고추장불고기,오징어채소볶음,1191,547,오리고추장불고기 / 오징어채소볶음
2020-09-15,2020,0,23.0,27.7,18.9,가을,9,화,류산슬,닭간장볶음,855,421,류산슬 / 닭간장볶음
2020-09-16,2020,0,22.5,24.9,21.3,가을,9,수,목살찹스테이크,소고기계란장조림,953,362,목살찹스테이크 / 소고기계란장조림
2020-09-17,2020,0,21.3,23.6,20.1,가을,9,목,쇠고기낙지볶음,수제돈까스,797,504,쇠고기낙지볶음 / 수제돈까스
2020-09-18,2020,0,21.5,25.8,18.1,가을,9,금,(New)고추마요치킨,갈치카레구이,570,256,(New)고추마요치킨 / 갈치카레구이
2020-09-21,2020,0,19.1,25.3,13.6,가을,9,월,춘천닭갈비,(New)오징어순대,1176,616,춘천닭갈비 / (New)오징어순대
2020-09-22,2020,0,20.2,25.6,15.5,가을,9,화,돈갈비찜,우불고기,908,384,돈갈비찜 / 우불고기
2020-09-23,2020,0,19.2,23.8,15.2,가을,9,수,오향장육,가래떡오븐구이,970,412,오향장육 / 가래떡오븐구이
2020-09-24,2020,0,20.6,25.4,16.8,가을,9,목,콩나물파채불고기,(New)등심찹쌀꿔바로우,739,392,콩나물파채불고기 / (New)등심찹쌀꿔바로우
2020-09-25,2020,0,20.1,25.4,16.6,가을,9,금,닭다리살스테이크,고등어김치찜,540,230,닭다리살스테이크 / 고등어김치찜
2020-09-28,2020,0,20.7,26.5,15.7,가을,9,월,오리대패불고기,닭볶음탕,358,165,오리대패불고기 / 닭볶음탕
2020-10-05,2020,0,13.3,18.4,8.5,가을,10,월,매운소불고기,(New)코코뱅,1252,595,매운소불고기 / (New)코코뱅
2020-10-06,2020,0,14.2,19.7,9.3,가을,10,화,두부강정,돈육김치볶음,977,545,두부강정 / 돈육김치볶음
2020-10-07,2020,0,16.0,22.0,9.9,가을,10,수,바베큐장각오븐구이,고추튀김*장,880,547,바베큐장각오븐구이 / 고추튀김*장
2020-10-08,2020,0,17.2,23.1,12.1,가을,10,목,(New)하와이언치즈함박스테이크,시래기삼치조림,923,345,(New)하와이언치즈함박스테이크 / 시래기삼치조림
2020-10-12,2020,0,16.2,21.3,12.1,가을,10,월,훈제오리볶음,돈사태떡찜,1096,466,훈제오리볶음 / 돈사태떡찜
2020-10-13,2020,0,13.6,18.4,8.6,가을,10,화,장어고추장양념구이,닭간장조림,839,420,장어고추장양념구이 / 닭간장조림
2020-10-14,2020,0,12.8,18.0,8.5,가을,10,수,(New)해물보쌈&채소숙회,등심돈까스,797,382,(New)해물보쌈&채소숙회 / 등심돈까스
2020-10-15,2020,0,11.7,18.5,6.5,가을,10,목,돈갈비양념구이,대패삼겹숙주볶음,793,400,돈갈비양념구이 / 대패삼겹숙주볶음
2020-10-16,2020,0,11.8,15.4,8.6,가을,10,금,갈릭순살치킨,해물볶음우동,660,436,갈릭순살치킨 / 해물볶음우동
2020-10-19,2020,0,15.1,21.3,9.8,가을,10,월,쭈꾸미삼겹살볶음,삼치구이*데리야끼소스,1035,457,쭈꾸미삼겹살볶음 / 삼치구이*데리야끼소스
2020-10-20,2020,0,15.2,21.7,9.9,가을,10,화,치킨까스&소스,김말이강정,851,372,치킨까스&소스 / 김말이강정
2020-10-21,2020,0,14.1,17.3,11.8,가을,10,수,(New)연어스테이크,소불고기,887,336,(New)연어스테이크 / 소불고기
2020-10-22,2020,0,13.5,18.2,8.4,가을,10,목,된장찌개,샤워크림새우,799,423,된장찌개 / 샤워크림새우
2020-10-23,2020,0,8.6,13.3,5.4,가을,10,금,춘천닭갈비,고르곤졸라피자,648,389,춘천닭갈비 / 고르곤졸라피자
2020-10-26,2020,0,12.9,19.0,8.0,가을,10,월,묵은지닭볶음탕,제육춘장볶음,1069,444,묵은지닭볶음탕 / 제육춘장볶음
2020-10-27,2020,0,14.0,19.4,9.0,가을,10,화,오삼불고기,(NEW)가지탕수,839,392,오삼불고기 / (NEW)가지탕수
2020-10-28,2020,0,13.8,18.2,8.6,가을,10,수,고기완자전,스태프핫도그,791,293,고기완자전 / 스태프핫도그
2020-10-29,2020,0,10.8,16.1,5.5,가을,10,목,깐풍기,쇠고기육전,667,388,깐풍기 / 쇠고기육전
2020-10-30,2020,0,11.9,19.6,5.8,가을,10,금,쇠고기숙주볶음,순대채소볶음,398,259,쇠고기숙주볶음 / 순대채소볶음
2020-11-02,2020,0,10.8,15.6,7.9,가을,11,월,(New)짜파치킨,주꾸미채소볶음,1150,498,(New)짜파치킨 / 주꾸미채소볶음
2020-11-03,2020,0,5.1,8.6,2.7,가을,11,화,대패삼겹살볶음,돈까스김치나베,810,356,대패삼겹살볶음 / 돈까스김치나베
2020-11-04,2020,0,4.9,10.8,0.2,가을,11,수,찰떡떡갈비조림,순살닭강정,789,334,찰떡떡갈비조림 / 순살닭강정
2020-11-05,2020,0,9.6,15.9,3.4,가을,11,목,쇠고기낙지볶음,자반고등어찜,596,422,쇠고기낙지볶음 / 자반고등어찜
2020-11-06,2020,0,13.5,17.2,9.9,가을,11,금,수제탕수육,백종원의사라다빵,459,276,수제탕수육 / 백종원의사라다빵
2020-11-09,2020,0,5.5,8.9,0.7,가을,11,월,매운족발볶음,삼치데리야끼구이,1076,430,매운족발볶음 / 삼치데리야끼구이
2020-11-10,2020,0,7.7,12.9,3.5,가을,11,화,동파육,자장소스,784,335,동파육 / 자장소스
2020-11-11,2020,0,9.3,16.5,3.5,가을,11,수,골뱅이채소무침,간장마늘치킨,747,316,골뱅이채소무침 / 간장마늘치킨
2020-11-12,2020,0,10.4,17.7,4.6,가을,11,목,해물돼지갈비찜,우불고기볶음,678,319,해물돼지갈비찜 / 우불고기볶음
2020-11-13,2020,0,12.2,17.6,8.5,가을,11,금,안동찜닭,퀘사디아,529,226,안동찜닭 / 퀘사디아
2020-11-16,2020,0,12.4,18.3,7.5,가을,11,월,오리주물럭,꽁채캔김치조림,1068,478,오리주물럭 / 꽁채캔김치조림
2020-11-17,2020,0,15.9,20.0,11.7,가을,11,화,알리오올리오파스타,몽골식돈육볶음&꽃빵,784,406,알리오올리오파스타 / 몽골식돈육볶음&꽃빵
2020-11-18,2020,0,16.6,18.7,14.8,가을,11,수,New)요거닭,오징어굴소스볶음,774,305,New)요거닭 / 오징어굴소스볶음
2020-11-19,2020,0,13.6,19.1,6.9,가을,11,목,쇠고기당면볶음,채소볶음우동,653,486,쇠고기당면볶음 / 채소볶음우동
2020-11-20,2020,0,2.8,7.0,0.3,가을,11,금,제육고추장불고기,생선까스*타르타르소스,747,220,제육고추장불고기 / 생선까스*타르타르소스
2020-11-23,2020,0,1.7,5.9,-1.5,가을,11,월,(New)버터치킨카레소스,방어양념장구이,1292,730,(New)버터치킨카레소스 / 방어양념장구이
2020-11-24,2020,0,2.9,6.4,0.2,가을,11,화,코다리강정,목살스테이크,1156,704,코다리강정 / 목살스테이크
2020-11-25,2020,0,4.6,9.5,0.0,가을,11,수,해물누룽지탕,계발의,1146,0,해물누룽지탕 / 계발의
2020-11-26,2020,0,5.6,10.9,1.9,가을,11,목,돼지간장불고기,(New)수제부들어묵잡채튀김,1034,606,돼지간장불고기 / (New)수제부들어묵잡채튀김
2020-11-27,2020,0,4.1,7.7,0.6,가을,11,금,오징어볶음,돈수육*쌈장,895,303,오징어볶음 / 돈수육*쌈장
2020-11-30,2020,0,-0.2,4.3,-3.6,가을,11,월,닭간장조림,(New)아롱사태샐러드*들깨소스,1273,712,닭간장조림 / (New)아롱사태샐러드*들깨소스
2020-12-01,2020,0,1.1,6.7,-3.6,겨울,12,화,LA갈비구이,샤워크림새우,1324,685,LA갈비구이 / 샤워크림새우
2020-12-02,2020,0,2.4,6.1,0.5,겨울,12,수,팽이장국,묵은지삼겹살찜,1188,523,팽이장국 / 묵은지삼겹살찜
2020-12-03,2020,0,0.7,4.2,-2.3,겨울,12,목,오향장육,(New)단호박치즈해물찜,1059,466,오향장육 / (New)단호박치즈해물찜
2020-12-04,2020,0,-0.6,4.4,-4.6,겨울,12,금,(New)교촌윙,낙지볶음*소면,858,197,(New)교촌윙 / 낙지볶음*소면
2020-12-07,2020,0,3.4,6.3,-0.7,겨울,12,월,삼겹살김치볶음,치킨까스*데미소스,1317,742,삼겹살김치볶음 / 치킨까스*데미소스
2020-12-08,2020,0,-0.5,4.1,-3.5,겨울,12,화,훈제오리마늘볶음,수제등심찹쌀꿔바로우,1138,679,훈제오리마늘볶음 / 수제등심찹쌀꿔바로우
2020-12-09,2020,0,1.5,6.2,-4.1,겨울,12,수,만가닥버섯불고기,해물볶음,994,384,만가닥버섯불고기 / 해물볶음
2020-12-10,2020,0,5.8,9.3,3.2,겨울,12,목,제육고추장불고기,딤섬,975,518,제육고추장불고기 / 딤섬
2020-12-11,2020,0,5.3,9.4,2.6,겨울,12,금,닭다리살스테이크,수제오징어튀김,742,334,닭다리살스테이크 / 수제오징어튀김
2020-12-14,2020,0,-7.7,-5.0,-9.7,겨울,12,월,(New)캔꽁치튀김,쇠고기청경채볶음,1329,666,(New)캔꽁치튀김 / 쇠고기청경채볶음
2020-12-15,2020,0,-8.3,-4.6,-11.1,겨울,12,화,콩나물파채불고기,(New)칠리가지탕수,1202,633,콩나물파채불고기 / (New)칠리가지탕수
2020-12-16,2020,0,-8.3,-3.9,-11.2,겨울,12,수,해물완자전,오징어떡볶음,1135,450,해물완자전 / 오징어떡볶음
2020-12-17,2020,0,-4.9,0.8,-11.1,겨울,12,목,(New)탄두리치킨,제육간장불고기,1096,438,(New)탄두리치킨 / 제육간장불고기
2020-12-18,2020,0,-2.1,1.8,-6.4,겨울,12,금,수제돈까스&소스,참치김치볶음,917,274,수제돈까스&소스 / 참치김치볶음
2020-12-21,2020,0,-1.0,4.7,-6.0,겨울,12,월,오삼불고기,(New)어떡햄,1256,327,오삼불고기 / (New)어떡햄
2020-12-22,2020,0,2.0,7.2,-2.5,겨울,12,화,하와이언함박스테이크,돈갈비찜,984,319,하와이언함박스테이크 / 돈갈비찜
2020-12-23,2020,0,4.5,8.5,-0.4,겨울,12,수,(New)국물쪼리닭,페퍼로니치즈피자,768,354,(New)국물쪼리닭 / 페퍼로니치즈피자
2020-12-24,2020,0,2.6,6.1,-2.0,겨울,12,목,오리대패불고기,해물까스&타르타르D,591,131,오리대패불고기 / 해물까스&타르타르D
2021-01-04,2021,0,-3.5,0.3,-8.4,겨울,1,월,봉추찜닭,소고기콜라비조림,1405,598,봉추찜닭 / 소고기콜라비조림
2021-01-05,2021,0,-5.5,-2.1,-9.9,겨울,1,화,돈육도라지고추장볶음,춘권*칠리소스,1128,484,돈육도라지고추장볶음 / 춘권*칠리소스
2021-01-06,2021,0,-7.4,-1.9,-12.0,겨울,1,수,꽁치한마리레몬구이,해물누룽지탕,1014,377,꽁치한마리레몬구이 / 해물누룽지탕
2021-01-07,2021,0,-14.5,-8.4,-16.5,겨울,1,목,목살스테이크,(New)인절미치킨,1040,342,목살스테이크 / (New)인절미치킨
2021-01-08,2021,0,-14.9,-10.7,-18.6,겨울,1,금,매운소고기낙지볶음,돈육김치볶음,726,250,매운소고기낙지볶음 / 돈육김치볶음
2021-01-11,2021,0,-6.7,-4.0,-9.6,겨울,1,월,오리대패불고기,쇠고기숙주볶음,1257,451,오리대패불고기 / 쇠고기숙주볶음
2021-01-12,2021,0,-3.9,-0.5,-9.3,겨울,1,화,(New)허니순살치킨,순대들깨볶음,963,317,(New)허니순살치킨 / 순대들깨볶음
2021-01-13,2021,0,2.0,8.3,-3.0,겨울,1,수,돈육두루치기,수제치킨까스,913,360,돈육두루치기 / 수제치킨까스
2021-01-14,2021,0,1.7,7.0,-3.6,겨울,1,목,소갈비찜,오삼불고기,1038,439,소갈비찜 / 오삼불고기
2021-01-15,2021,0,4.5,9.9,-0.7,겨울,1,금,고등어구이*와사비장,닭볶음탕,702,277,고등어구이*와사비장 / 닭볶음탕
2021-01-18,2021,0,-3.8,0.2,-9.1,겨울,1,월,춘천닭갈비,낙지미나리볶음,1277,460,춘천닭갈비 / 낙지미나리볶음
2021-01-19,2021,0,-6.3,-0.2,-11.6,겨울,1,화,삼겹살김치찜,만가닥버섯불고기,1038,414,삼겹살김치찜 / 만가닥버섯불고기
2021-01-20,2021,0,-0.1,7.1,-6.6,겨울,1,수,수제함박스테이크,브로콜리깨소스무침,1093,421,수제함박스테이크 / 브로콜리깨소스무침
2021-01-21,2021,0,4.5,7.0,2.5,겨울,1,목,동파육,삼치양념구이,832,353,동파육 / 삼치양념구이
2021-01-22,2021,0,5.5,6.6,4.8,겨울,1,금,요거닭,수제맛쵸킹탕수육,579,217,요거닭 / 수제맛쵸킹탕수육
2021-01-25,2021,0,7.9,13.9,3.0,겨울,1,월,돈육간장불고기,장어강정*데리야끼소스,1145,502,돈육간장불고기 / 장어강정*데리야끼소스
2021-01-26,2021,0,5.3,7.4,1.7,겨울,1,화,교촌간장치킨,수제고기육전,1015,480,교촌간장치킨 / 수제고기육전
