Lunch_Rice_full,Lunch_Soup_,,Lunch_Main_Dish,Lunch_Main_Dish_Kcal,Lunch_Side_Dish_1,Lunch_Side_Dish_1_Kcal,Lunch_Side_Dish_2,Lunch_Side_Dish_2_Kcal,Lunch_Drink,Lunch_Drink_Kcal,Lunch_Kimchi,Lunch_Kimchi_Kcal,Lunch_side_Dish_3,Lunch_side_Dish_3_Kcal,Dinner_Rice,Dinner_Rice_Kcal,Dinner_Soup,Dinner_Soup_Kcal,Dinner_Main_Dish,Dinner_Main_Dish_Kcal,Dinner_Side_Dish_1,Dinner_Side_Dish_1_Kcal,Dinner_Side_Dish_2,Dinner_Side_Dish_2_Kcal,Dinner_Side_Dish_3,Dinner_Side_Dish_3_Kcal,Dinner_Drink,Dinner_Drink_Kcal,Dinner_Kimchi,Dinner_Kimchi_Kcal,,Lunch_Rice,Lunch_Rice_Kcal,,Lunch_Soup,Lunch_Soup_Kcal
"쌀밥/잡곡밥,210 kcal","오징어찌개,250 kcal",,쇠불고기,300 kcal,계란찜,150 kcal,청포묵무침,50,요구르트,100,포기김치,30,양상추샐러드*딸기요거트,80,쌀밥/잡곡밥,200,육개장,180,자반고등어구이,330,두부조림,200,건파래무침,30,바나나,90,음료,80,포기김치,30,,쌀밥/잡곡밥,210 kcal,,오징어찌개,250 kcal
"카레덮밥,380 kcal","김치찌개,280 kcal",,가자미튀김,450 kcal,모둠소세지구이,320 kcal,마늘쫑무침,50,부럼/요구르트,120,배추겉절이,25,양상추샐러드*오리엔탈,90,콩나물밥*양념장,250,어묵국,120,유산슬,250,아삭고추무침,100,새송이버섯볶음,50,요플레,100,매실쥬스/단무지,80,깍두기,25,,카레덮밥,380 kcal,,김치찌개,280 kcal
"낙지비빔밥,559 kcal","팽이장국,150 kcal",,치킨핑거,420 kcal,쫄면야채무침,250 kcal,견과류조림,180,요플레,120,깍두기,30,요구르트,70,미니김밥*겨자장,150,청국장찌개,250,황태양념구이,300,고기전,300,무피클,10,오렌지,60,천도복숭아,60,석박지,25,,낙지비빔밥,559 kcal,,팽이장국,150 kcal
"쌀밥/오곡밥,220 kcal","쇠고기무국,200 kcal",,주꾸미볶음,280 kcal,부추전,200 kcal,시금치나물,30,매실주스,70,무생채/포기김치,30,양상추샐러드*흑임자드레싱,100,참치회덮밥,450,우동,400,멕시칸샐러드,180,군고구마,180,콩나물무침,40,피크닉,150,딸기와플,200,통배추겉절이,20,,쌀밥/오곡밥,220 kcal,,쇠고기무국,200 kcal
"비빔밥,586 kcal","떡국,220 kcal",,돈육씨앗강정,400 kcal,우엉잡채,180 kcal,청경채무침,30,음료,70,열무김치,20,그린샐러드*오렌지드레싱/핫도그,150,볶음밥*자장소스,550,차돌박이찌개,300,닭갈비,350,감자소세지볶음,250,락교,15,참나물생채,30,주스,80,포기김치/무피클,30,,비빔밥,586 kcal,,떡국,220 kcal
"곤드레밥,240 kcal","시래기국,180 kcal",,훈제오리구이,350 kcal,도토리묵무침,120 kcal,쌈무/양파절임,20,오렌지주스,90,볶은김치,40,매실음료/콩자반,90,김밥,300,맑은국,100,군만두,200,과일샐러드,150,물파래무침,30,두반장가지나물,40,간장깻잎지/콘샐러드,50,열무김치,20,,곤드레밥,240 kcal,,시래기국,180 kcal
"콩나물밥*달래장,280 kcal","꽃게탕,300 kcal",,돈육굴소스볶음,320 kcal,옥수수전,180 kcal,유채나물,30,샐러드바:과일,50,석박지,30,시저샐러드*시저드레싱,120,멸치주먹밥,180,김치콩나물국,120,미니함박,250,어묵볶음,200,브로컬리초장,35,꼬들단무지,15,요구르트,100,오이소박이,15,,콩나물밥*달래장,280 kcal,,꽃게탕,300 kcal
"봄새싹비빔밥,320 kcal","시금치국,120 kcal",,닭감자조림,300 kcal,연두부*양념장,100 kcal,콩나물무침,30,크리스마스케익,250,포기김치/상추쌈,35,양상추샐러드/마카로니샐러드,130,카레덮밥,500,홍합미역국,150,등갈비김치찜,400,임연수구이,280,봄동무침,25,시금치나물,30,귤,60,배추겉절이,20,,봄새싹비빔밥,320 kcal,,시금치국,120 kcal
"콩나물밥,250 kcal","냉이된장국,130 kcal",,탕수어,450 kcal,오징어숙회무침,150 kcal,취나물,30,식혜,70,파김치,35,비타민흑임자샐러드*흑임자D,100,볶음밥,500,된장찌개,220,쇠불고기,300,해파리겨자채,120,부추오이생채,30,취나물땅콩무침,40,시금치흑임자샐러드,50,알타리김치,25,,콩나물밥,250 kcal,,냉이된장국,130 kcal
"나물비빔밥,373 kcal","유부장국,200 kcal",,쇠고기장조림,320 kcal,통도라지구이,160 kcal,치커리무침,30,조각케익,200,갓김치,30,치커리만다린샐러드*오렌지D,90,토마토스파게티,480,설렁탕,600,명태조림,280,,,미역레몬초무침,25,세발나물,30,연근흑임자샐러드,50,봄동겉절이,20,,나물비빔밥,373 kcal,,유부장국,200 kcal
"단호박영양밥,310 kcal","대구찌개,260 kcal",,마늘간장치킨,450 kcal,고구마치즈구이,250 kcal,해초무침,20,식혜,70,베추겉절이,25,양상추샐러드*망고D,80,굴소스파인볶음밥,520,옹심이만두국,350,김치전,250,감자채볶음,200,숙주나물,30,요플레/단무지,100,망고주스,80,단무지,10,,단호박영양밥,310 kcal,,대구찌개,260 kcal
"산채비빔밥,350 kcal","쇠고기느타리국,210 kcal",,갈치구이,350 kcal,새송이버섯볶음,120 kcal,돌나물무침/치킨무,40,고구마치즈빵/오렌지,180,얼갈이겉절이,25,양배추샐러드*사우전D,90,햄볶음밥,500,콩비지찌개,250,떡갈비조림,300,야채스틱,50,청경채사과무침,35,참나물,30,,,해파리냉채,15,,산채비빔밥,350 kcal,,쇠고기느타리국,210 kcal
"열무비빔밥,360 kcal","콩나물국,100 kcal",,돈육간장볶음,320 kcal,호박꼬지&고사리&무나물,110 kcal,파래김*양념장,50,청포도,60,오이소박이,20,그린샐러드*키위D/타래과,85,주먹밥,150,열무된장국,150,해물까스&타르타르소스,400,청포묵무침,100,구이김,10,시금치초장무침,35,,,무생채,10,,열무비빔밥,360 kcal,,콩나물국,100 kcal
"참치회덮밥,450 kcal","북어계란국,180 kcal",,소세지피망볶음,280 kcal,버섯잡채,150 kcal,꽃상추무침,20,오미자주스,80,부럼/포기김치,40,로스트치킨샐러드*오리엔탈D,150,김치볶음밥,520,잔치국수,450,매운돼지갈비찜,400,볶음쌀국수,350,양념깻잎지,35,날치알계란찜,120,,,배추김치,20,,참치회덮밥,450 kcal,,북어계란국,180 kcal
"연복풍덮밥,430 kcal","수제비국,250 kcal",,닭갈비,300 kcal,맛탕,200 kcal,귤,50,요거트드링킹,120,수제석박지,30,양배추샐러드*요플레D,85,치킨마요덮밥,550,닭개장,180,교자만두,200,멸치호두볶음,180,부추생채,30,사과/오렌지쥬스,80,,,겉절이김치,20,,연복풍덮밥,430 kcal,,수제비국,250 kcal
"열무보리비빔밥,370 kcal","얼갈이된장국,150 kcal",,오징어볶음,280 kcal,새싹두부구이,100 kcal,곰피초장,30,홍삼,50,배추김치,30,양배추샐러드*딸기요거트D,80,낙지비빔밥,480,오징어국,150,꽁치한마리구이,330,멕시칸샐러드,200,오이무침,20,부추생채,30,,,백김치,15,,열무보리비빔밥,370 kcal,,얼갈이된장국,150 kcal
"불고기덮밥,540 kcal","쇠고기미역국,200 kcal",,제육볶음,320 kcal,늙은호박전,180 kcal,도라지초무침,30,망고/복숭아아이스티,100,백김치,20,양상추샐러드*사우전D,90,돈까스김밥,400,달래된장찌개,220,수제고로케*케찹,220,,,야채스틱*쌈장,50,또띠아칩/오렌지,150,,,갓김치/겉절이김치,25,,불고기덮밥,540 kcal,,쇠고기미역국,200 kcal
"산채비빔밥*강된장,400 kcal","근대된장국,180 kcal",,탕수육,500 kcal,맛살계란말이,200 kcal,치커리생채,25,청/적포도,60,오이소배기,20,견과류샐러드*땅콩D,150,유부초밥,180,계란파국,150,생선까스*탈탈소스,400,두부양념조림,220,돌나물초장,25,시금치무침,30,,,,,,산채비빔밥*강된장,400 kcal,,근대된장국,180 kcal
"짜장밥,500 kcal","부대찌개,350 kcal",,고등어김치말이,300 kcal,새송이버섯조림,120 kcal,아삭고추무침,20,황도샐러드,70,부추무침,50,눈꽃치즈샐러드*오리엔탈D,130,새우살볶음밥,520,뼈해장국,500,개성감자만두,200,,,두반장가지나물,40,슈크림,200,,,,,,짜장밥,500 kcal,,부대찌개,350 kcal
"버섯영양밥,300 kcal","차돌박이찌개,330 kcal",,돈육장조림,320 kcal,메추리알조림,150 kcal,무생채,20,과일,50,겉절이김치,25,콜리샐러드*발사믹D,80,짜장잡채밥,550,양송이스프,180,코다리무조림,280,고추잡채*꽃빵,350,시금치나물,30,참나물무침,30,,,,,,버섯영양밥,300 kcal,,차돌박이찌개,330 kcal
"소불고기덮밥,520 kcal","북어국,180 kcal",,닭데리야끼조림,300 kcal,모둠묵*양념장,120 kcal,열무된장나물,35,치커리유자샐러드,50,총각김치,30,시리얼샐러드*요플레D,120,날치알볶음밥,520,닭곰탕,550,간장찜닭,350,통도라지구이,200,청경채무침,30,아삭고추무침,25,,,,,,소불고기덮밥,520 kcal,,북어국,180 kcal
"오곡밥,230 kcal","고추장찌개,280 kcal",,수제돈가스,450 kcal,소세지구이,300 kcal,톳두부무침,50,사과/마시는요거트,100,쌈추겉절이,20,양상추샐러드*파인애플D,80,충무김밥,350,수제비국,400,참치야채전,200,꽃맛살샐러드,180,도라지나물,35,방울토마토,15,,,,,,오곡밥,230 kcal,,고추장찌개,280 kcal
"곤드레밥*강된장,330 kcal","배추된장국,150 kcal",,돈육고추장볶음,320 kcal,홍어무침,120 kcal,풋마늘초무침,25,꽃맛살과일샐러드,80,삼색물만두무침,120,푸실리파스타샐러드,150,김밥/맑은국,400,알탕,300,해물청경채볶음,250,버섯메밀전,250,깨찰빵,120,도라지나물,35,,,,,,곤드레밥*강된장,330 kcal,,배추된장국,150 kcal
"봄나물비빔밥,340 kcal","어묵국,200 kcal",,소불고기,300 kcal,해물파전,220 kcal,쫄면무침,180,인절미츄러스맛탕/배즙,150,(New)수제토마토청에이드,80,그린샐러드*오리엔탈D,90,작은밥/맑은국,220,미소장국,120,미니햄버거,250,단호박범벅,200,애호박나물,30,쨔샤이무침,40,,,,,,봄나물비빔밥,340 kcal,,어묵국,200 kcal
"카레라이스,480 kcal","쑥국,120 kcal",,미니채소떡갈비,320 kcal,탕평채,150 kcal,콩나물파채무침,40,파인애플/요플레,100,무생채,25,황도샐러드*밀감D,80,볶음밥/짜장소스,550,냉이된장찌개,220,임연수찜,250,어묵곤약볶음,180,오이피클,15,연두부*새싹장,50,,,,,,카레라이스,480 kcal,,쑥국,120 kcal
"짜장덮밥,520 kcal","콩나물김치국,130 kcal",,버섯불고기,280 kcal,모둠양채쌈*쌈장,50 kcal,마늘쫑볶음,60,해초샐러드/사과즙,50,(New)수제생강대추차,70,사과푸딩샐러드*요플레D,120,콩나물밥,200,유부장국,150,아귀콩나물찜,220,새송이버섯볶음,180,숙주미나리나물,30,숙주나물,30,,,,,,짜장덮밥,520 kcal,,콩나물김치국,130 kcal
"<초복특식>,600 kcal","사골우거지국,300 kcal",,코다리강정,400 kcal,골뱅이무침*소면,250 kcal,무나물,25,탱크보이,70,청경채찜,20,나쵸콥샐러드*토마토살사소스,180,카레라이스,500,쇠고기미역국,200,찹쌀순대볶음,250,궁중떡찜,300,청경채생채,30,무피클,10,,,,,,<초복특식>,600 kcal,,사골우거지국,300 kcal
"김치제육덮밥,550 kcal","쇠고기샤브국,250 kcal",,치킨텐더*요거트D,430 kcal,두부계란부침,200 kcal,깻순나물,30,찐옥수수,120,산고추지무침,30,마카로니콘샐러드,140,작은밥,150,매운버섯국,180,동그랑땡전,180,마파두부,280,치커리사과무침,25,양배추쌈,20,,,,,,김치제육덮밥,550 kcal,,쇠고기샤브국,250 kcal
"곤드레밥*간장양념,320 kcal","맑은국,100 kcal",,자반고등어구이,350 kcal,파래김*양념장,50 kcal,쌈무/부추생채,30,수떡수떡화채,150,봄동겉절이,20,크루통샐러드*참깨D,110,김밥볶음밥,550,쇠고기무국,200,누룽지탕수육,400,콘샐러드,150,돌나물오이무침,25,주꾸미무침,40,,,,,,곤드레밥*간장양념,320 kcal,,맑은국,100 kcal
"단호박카레라이스,470 kcal","닭개장,320 kcal",,오징어튀김,450 kcal,연근땅콩조림,180 kcal,도토리묵무침,60,츄러스,150,콩샐러드,80,양상추샐러드*매실D,80,콩국수,400,유부주머니국,150,돈육씨앗강정,350,해물까스*탈탈소스,400,가지된장무침,40,마늘쫑무침,40,,,,,,단호박카레라이스,470 kcal,,닭개장,320 kcal
"곤드레밥*양념장,310 kcal","옹심이만두국,280 kcal",,갈치조림,320 kcal,계란말이,200 kcal,실곤약초무침,20,우무콩국,80,단호박물김치,40,시리얼&요거트,120,굴소스해물볶음밥,520,팽이버섯장국,120,또띠아피자,300,해초무침,100,다시마채무초무침,30,상추겉절이,25,,,,,,곤드레밥*양념장,310 kcal,,옹심이만두국,280 kcal
"삼계탕,550 kcal","쪽파국,120 kcal",,오징어볶음*소면,350 kcal,두부&김치볶음,180 kcal,시래기나물,30,바나나,90,,,모닝샌드/요구르트,250,쇠고기숙주규동덮밥,550,들깨미역국,200,순살깐풍기,350,계란찜,180,매운콩나물무침,40,수박,40,,,,,,삼계탕,550 kcal,,쪽파국,120 kcal
"콩나물밥*양념장,290 kcal","매운콩나물국,150 kcal",,매운돼지갈비찜,400 kcal,땅콩조림,200 kcal,열무나물,30,딸기푸딩,120,청경채찜,,견과류샐러드*딸기D,150,통새우김밥,400,꽃게탕,250,고등어조림,280,탕평채,220,열무된장나물,35,오이도라지생채,30,,,,,,콩나물밥*양념장,290 kcal,,매운콩나물국,150 kcal
"마파두부덮밥,520 kcal","버섯들깨탕,200 kcal",,순살양념치킨,450 kcal,오징어초무침,150 kcal,치커리유자청생채,35,나쵸칩,150,산고추지무침,,양상추샐러드*석류D,80,나가사키면&김,600,팽이버섯국,120,감자치즈구이,220,조각사과,50,채소피클*할라피뇨,40,스틱단무지,15,,,,,,마파두부덮밥,520 kcal,,버섯들깨탕,200 kcal
"쌀밥/옛날돈까스,600 kcal","순두부찌개,230 kcal",,쇠고기단호박조림,320 kcal,비엔나볶음,220 kcal,오렌지,60,열대과일,70,봄동겉절이,,황도샐러드*황도D,80,옛날왕돈까스,700,비빔메밀국수,450,찜닭,350,계란야채말이,200,치커리무침,25,치커리유자무침,25,,,,,,쌀밥/옛날돈까스,600 kcal,,순두부찌개,230 kcal
"야채볶음밥*짜장소스,520 kcal","올갱이아욱국,180 kcal",,돈육강정,400 kcal,해파리냉채,80 kcal,봄동나물,30,사과나무주스,90,콩샐러드,,꽃맛살샐러드,100,낙지볶음덮밥,480,들깨버섯탕,220,야채튀김,250,단무지무침,50,양념고추지무침,30,단무지,15,,,,,,야채볶음밥*짜장소스,520 kcal,,올갱이아욱국,180 kcal
"김치볶음밥,500 kcal","냉이된장찌개,140 kcal",,꽁치한마리구이,350 kcal,새송이버섯전,180 kcal,모둠쌈*쌈장,40,햇고구마오븐구이,120,단호박물김치,,그린샐러드*요거트D,85,생선초밥,350,북어국,150,가자미찜,250,견과류조림,180,노각무침,25,브로컬리초장,35,,,,,,김치볶음밥,500 kcal,,냉이된장찌개,140 kcal
"오므라이스,550 kcal","육개장,350 kcal",,매콤떡갈비조림,320 kcal,알감자버터구이,200 kcal,양배추쌈,20,사과/식혜,80,,,양상추샐러드*딸기D,80,후난식볶음밥,520,부대찌개*라면사리,550,수제돈가스,400,감자범벅,200,부추생채무침,30,오이피클/음료,30,,,,,,오므라이스,550 kcal,,육개장,350 kcal
"김치볶음밥/계란,520 kcal","대구매운탕,300 kcal",,쇠고기볶음,300 kcal,동태전,180 kcal,브로컬리두부무침,60,인절미,100,,,양상추샐러드*키위D,80,해물굴소스볶음밥,520,가쯔오국,120,새싹피자,300,새송이버섯전,250,참나물무침,30,미역줄기,35,,,,,,김치볶음밥/계란,520 kcal,,대구매운탕,300 kcal
"파인애플볶음밥,490 kcal","미소장국,90 kcal",,등갈비김치찜,400 kcal,브로컬리맛살볶음,120 kcal,부추생채,25,찹쌀호떡,180,,,그린샐러드*살구D,85,마파두부덮밥,550,팽이장국,120,닭볶음탕,350,쫄면무침,300,꼬시래기초무침,25,파래김*양념장,25,,,,,,파인애플볶음밥,490 kcal,,미소장국,90 kcal
"김치필라프,500 kcal","미역국,150 kcal",,돈간장불고기,320 kcal,모둠소시지구이,320 kcal,청경채생채,25,배도라지주스,80,,,양상추샐러드*참깨D,90,김치참치주먹밥,180,해물순두부찌개,250,해물까스*탈탈소스,400,모둠묵*양념장,150,돈나물오리엔탈무침,35,슈크림/단무지,200,,,,,,김치필라프,500 kcal,,미역국,150 kcal
"불고기비빔밥,540 kcal","돈육김치찌개,300 kcal",,궁중떡찜,320 kcal,두부조림,120 kcal,깻잎양념지,35,(New)수제단호박식혜,90,,,양상추샐러드*오리엔탈D,90,쇠고기덮밥,550,쌀국수,400,탕수어,400,오이무침,50,얼갈이된장무침,30,우엉조림,80,,,,,,불고기비빔밥,540 kcal,,돈육김치찌개,300 kcal
"김밥볶음밥,480 kcal","무채국,100 kcal",,양념파닭,450 kcal,무쌈/양파절임,40 kcal,버섯볶음,50,푸딩,120,,,시리얼샐러드*요거트D,120,날치알김치볶음밥,520,시래기국,150,쇠고기퀘사디아,400,비엔나케찹볶음,250,짜사이볶음,40,토마토,20,,,,,,김밥볶음밥,480 kcal,,무채국,100 kcal
"고기듬뿍카레라이스,600 kcal","매운어묵국,200 kcal",,미트볼조림,320 kcal,열무나물,30 kcal,풋마늘대무침,30,핫도그,250,,,과일샐러드,80,참치야채비빔밥,480,열무물국수,400,가쯔오장국,50,탕수만두,400,고춧잎무침,30,도토리묵무침,40,,,,,,고기듬뿍카레라이스,600 kcal,,매운어묵국,200 kcal
"건강비빔밥*약고추장,410 kcal","시래기된장국,160 kcal",,모둠장조림,350 kcal,도라지초무침,100 kcal,유기농식혜,70,단감,60,,,양상추샐러드*오미자D,80,베이컨김치볶음밥,520,냉모밀국수,400,고추잡채*꽃빵,320,두부계란구이,220,가지나물,35,단무지/또띠아칩,100,,,,,,건강비빔밥*약고추장,410 kcal,,시래기된장국,160 kcal
"새우날치알볶음밥,500 kcal","오징어국,220 kcal",,돈육칠리강정,400 kcal,콩나물잡채,150 kcal,콩자반/치킨무,80,고구마오븐구이,120,,,요거트파르페,150,해물볶음밥,520,소고기미역국,200,고추장불고기,350,모듬양채쌈,100,청경채겉절이,30,청경채겉절이,30,,,,,,새우날치알볶음밥,500 kcal,,오징어국,220 kcal
"소고기콩나물밥*양념,480 kcal","된장찌개,250 kcal",,찜닭,350 kcal,고기전,220 kcal,치커리사과무침,35,(New)수제사과계피차,70,,,시금치샐러드*오리엔탈D,85,나가사끼짬뽕,600,호박잎찌개,220,탕수육,400,삼치구이,280,상추무침,25,양배추피클/음료,30,,,,,,소고기콩나물밥*양념,480 kcal,,된장찌개,250 kcal
"닭살카레라이스,520 kcal","감자고추장찌개,260 kcal",,닭오븐구이,350 kcal,청포묵무침,120 kcal,비름나물,25,꽈배기도넛,200,,,양상추샐러드*살구D,80,닭갈비볶음밥,550,비빔국수,450,수제미니햄버거,250,오이소박이,50,숙주나물/요구르트,40,김구이,10,,,,,,닭살카레라이스,520 kcal,,감자고추장찌개,260 kcal
"열무보리비빔밥/강된장,400 kcal","들깨버섯탕,210 kcal",,쇠고기불고기,300 kcal,연근조림,150 kcal,가지나물,40,귤,50,,,만다린샐러드*오렌지D,80,야채볶음밥,500,토마토스파게티,480,가자미튀김,300,모둠소시지구이,350,생깻잎지,35,오이지,15,,,,,,열무보리비빔밥/강된장,400 kcal,,들깨버섯탕,210 kcal
"베이컨김치볶음밥,520 kcal","열무된장국,150 kcal",,꼬지삼색전,300 kcal,김치전,200 kcal,통도라지구이,50,나쵸,150,,,크루통샐러드*오리엔탈D,110,꼬마김밥*겨자장,150,김치찌개,250,해물누룽지탕,400,감자만두,300,도라지오이초무침,35,단무지무침,15,,,,,,베이컨김치볶음밥,520 kcal,,열무된장국,150 kcal
"돈육버섯고추장덮밥,550 kcal","북어콩나물국,180 kcal",,닭양념조림,320 kcal,치즈계란말이,250 kcal,치커리유자생채,35,미니버거,200,,,겉절이김치/양념장,25,소고기주먹밥,180,계란국,120,코다리강정,350,치즈계란말이,250,땅콩멸치조림,90,콩나물무침,40,,,,,,돈육버섯고추장덮밥,550 kcal,,북어콩나물국,180 kcal
"비빔밥*약고추장,390 kcal","한방갈비탕,400 kcal",,누룽지탕수육,450 kcal,동그랑땡부침,220 kcal,숙주나물,25,라면땅,100,,,양상추샐러드*오렌지D,80,빠에야,520,김치말이국수,350,주꾸미볶음,220,마늘쫑무침,100,미역줄기볶음,35,찐옥수수,100,,,,,,비빔밥*약고추장,390 kcal,,한방갈비탕,400 kcal
"쌀밥/흑미밥/찰현미밥,220 kcal","미역장국,120 kcal",,순살깐풍기,430 kcal,고등어카레구이,350 kcal,불미나리무침,30,홍시,60,,,감자고구마샐러드,120,목살필라프,550,차돌박이된장찌개,300,사천식탕수육,400,잡채,300,부추팽이버섯생채무침,35,온두부,50,,,,,,쌀밥/흑미밥/찰현미밥,220 kcal,,미역장국,120 kcal
"쌀밥/치자밥/찰현미밥,220 kcal","쇠고기해장국,320 kcal",,돼지갈비찜,400 kcal,맛살겨자채,120 kcal,오이무침,20,수제과일잼샌드,180,,,양상추샐러드*유자D,80,김치주먹밥,180,시금치국,150,꽁치허브구이,330,두부계란부침,220,시금치초고추장무침,35,츄러스/참외,200,,,,,,쌀밥/치자밥/찰현미밥,220 kcal,,쇠고기해장국,320 kcal
"쌀밥/병아리콩밥/찰현미밥,230 kcal","강된장찌개,250 kcal",,떡갈비조림,320 kcal,온두부,100 kcal,고구마순나물,35,붕어빵,200,,,양상추샐러드*밀감D,80,산채비빔밥,480,함박스테이크,700,데리야끼파닭,350,군만두,350,모둠튀김(만두*고추*통계란),200,가지나물,35,,,,,,쌀밥/병아리콩밥/찰현미밥,230 kcal,,강된장찌개,250 kcal
"쌀밥/기장밥/찰현미밥,220 kcal","오이미역냉국,80 kcal",,가자미양념찜,320 kcal,멸치크랜베리볶음,180 kcal,오이도라지생채,30,오프룻요거트,120,,,양상추샐러드*자몽D,80,낙지덮밥,480,부대찌개,500,고구마치즈구이,220,메추리알조림,200,건파래볶음,35,메밀비빔국수,250,,,,,,쌀밥/기장밥/찰현미밥,220 kcal,,오이미역냉국,80 kcal
"낙지비빔밥*계란후라이,600 kcal","참치김치찌개,270 kcal",,레몬탕수육,450 kcal,꽃맛살볶음,120 kcal,머위대나물,35,겉절이김치,20,,,양상추샐러드*포도D,80,볶음밥*짜장소스,550,쇠고기샤브국,250,춘권*칠리소스,250,콩나물무침,50,청양해물파전,300,타코야끼,150,,,,,,낙지비빔밥*계란후라이,600 kcal,,참치김치찌개,270 kcal
"쌀밥/수수밥/찰현미밥,220 kcal","도토리묵냉국,60 kcal",,간장치킨,450 kcal,우엉조림,150 kcal,브로컬리초장,25,꿀호떡,180,,,양상추샐러드*만다린D,80,볶음밥(김밥재료),520,물냉면,400,돈육청경채볶음,300,락교,30,깻순나물,30,치커리사과무침,25,,,,,,쌀밥/수수밥/찰현미밥,220 kcal,,도토리묵냉국,60 kcal
"쌀밥/검정콩밥/찰현미밥,230 kcal","버섯들깨찌개,220 kcal",,돈삼겹보쌈,350 kcal,비엔나감자볶음,220 kcal,모둠쌈,40,청포도주스,90,,,크루통샐러드*딸기D,110,볶음밥&짜장소스,550,느타리버섯국,150,미니함박조림,250,계란말이,200,영양부추무침,30,핫도그/음료,250,,,,,,쌀밥/검정콩밥/찰현미밥,230 kcal,,버섯들깨찌개,220 kcal
"쌀밥/렌틸콩밥/찰현미밥,230 kcal","가쯔오장국,100 kcal",,매콤낙지볶음,280 kcal,동그랑땡전,220 kcal,어묵볶음,70,새알팥죽,150,,,포기김치,30,하와이안필라프,550,동태찌개,250,수제돈까스,400,도토리묵무침,120,취나물무침,30,쑥갓두부무침,30,,,,,,쌀밥/렌틸콩밥/찰현미밥,230 kcal,,가쯔오장국,100 kcal
"쌀밥/차조밥/찰현미밥,220 kcal","우무묵냉국,50 kcal",,목살데리야끼구이,350 kcal,명태조림,250 kcal,김구이,40,마늘바게트,150,,,눈꽃치즈샐러드*감귤D,130,야채주먹밥,150,돈육김치찌개,250,미트볼케찹조림,250,감자채햄볶음,250,브로콜리숙회,35,양배추쌈*쌈장,35,,,,,,쌀밥/차조밥/찰현미밥,220 kcal,,우무묵냉국,50 kcal
"쌀밥/보리밥/찰현미밥,220 kcal","호박잎찌개,200 kcal",,고등어구이,350 kcal,잡채,200 kcal,오이무침/치킨무,30,포기김치,30,,,펜네파스타샐러드/축하떡,200,곤드레밥*강된장,480,콩가루배추국,150,오징어무침,120,땅콩조림,180,계란후라이,90,머위대나물,30,,,,,,쌀밥/보리밥/찰현미밥,220 kcal,,호박잎찌개,200 kcal
"쌀밥/찰보리밥/찰현미밥,220 kcal","건새우아욱국,180 kcal",,간장돼지갈비찜,400 kcal,궁중떡볶이,300 kcal,간장깻잎지,35,미니핫도그,150,,,양상추샐러드*발사믹D,80,투움바스파게티,500,아욱국,150,삼치데리야끼구이,280,단호박범벅/오이피클,200,꼬시래기무침,25,참외,30,,,,,,쌀밥/찰보리밥/찰현미밥,220 kcal,,건새우아욱국,180 kcal
"계란채소볶음밥,450 kcal","오이냉국,70 kcal",,유자청제육볶음,320 kcal,두부구이,120 kcal,쌈무/야채스틱,25,양념김,35,,,양상추샐러드*파인D,80,짜장밥,550,콩나물국,120,훈제오리냉채,250,우엉잡채,220,연두부*양념장,50,부추무침,30,,,,,,계란채소볶음밥,450 kcal,,오이냉국,70 kcal
"쌀밥/귀리밥/찰현미밥,220 kcal","사골우거지탕,350 kcal",,꽁치김치말이찜,320 kcal,홍어채무침,120 kcal,상추겉절이,20,,,,,양상추샐러드*오미지D,80,새우볶음밥,520,짬뽕수제비국,500,치킨핑거*요거트D,300,야채튀김,200,고들빼기무침,30,오복지,25,,,,,,쌀밥/귀리밥/찰현미밥,220 kcal,,사골우거지탕,350 kcal
"쌀밥/병아리콩/찰현미밥,230 kcal","우묵콩국,180 kcal",,닭강정,400 kcal,맛살콩나물냉채,100 kcal,양배추쌈*쌈장,35,,,,,양상추샐러드*키위요거트D,85,쌀밥/옛날돈까스,700,콩국수,450,콘샐러드,130,햄맛살볶음,250,통고추쌈장무침,25,단배추나물,30,,,,,,쌀밥/병아리콩/찰현미밥,230 kcal,,우묵콩국,180 kcal
"쌀밥/,210 kcal","청국장찌개,280 kcal",,갈릭돈까스,450 kcal,참치야채전,220 kcal,노각무침,25,,,,,양상추샐러드*시저D,90,잡채밥&짜장소스,550,스파게티/크림스프,500,양송이스프,150,떡볶이,300,깍둑오이초무침,20,수제피클,20,,,,,,쌀밥/,210 kcal,,청국장찌개,280 kcal
"전주비빔밥,580 kcal","부대찌개*라면사리,400 kcal",,순살파닭,450 kcal,쫄면무침,250 kcal,오이생채,20,,,,,양상추샐러드*요거트감귤D,85,토마토스파게티(작은밥),400,김치우동,450,모둠장조림,250,해물가스*탈탈소스,400,꼬들단무지무침,15,찐옥수수/주스,150,,,,,,전주비빔밥,580 kcal,,부대찌개*라면사리,400 kcal
"쌀밥/완두콩밥/찰현미밥,230 kcal","복숭아미역냉국,60 kcal",,사천식탕수육,500 kcal,명태엿장조림,250 kcal,영양부추,30,,,,,양상추샐러드*황도D,80,파인애플볶음밥,520,무채국,120,탕수만두,250,찐햇감자,180,비트피클,20,무말랭이무침,35,,,,,,쌀밥/완두콩밥/찰현미밥,230 kcal,,복숭아미역냉국,60 kcal
"쌀밥/강낭콩밥/찰현미밥,230 kcal","호박잎된장국,180 kcal",,매운주꾸미볶음,280 kcal,마늘쫑볶음,120 kcal,모듬쌈*쌈장,40,,,,,버블샐러드*D오리엔탈D,100,삼겹살볶음밥,550,감자국,150,감자버터구이,200,연근땅콩조림,200,두부계란전*양념장,120,포도,60,,,,,,쌀밥/강낭콩밥/찰현미밥,230 kcal,,호박잎된장국,180 kcal
"(New)바지락비빔밥,420 kcal","사과오이냉국,70 kcal",,돈육떡강정,400 kcal,골뱅이무침&소면,250 kcal,도라지나물,30,,,,,양상추샐러드*흑임자D,100,잡채밥/짜장소스,550,작은밥,150,깐풍기,350,쇠고기퀘사디아,400,도토리묵채소무침,40,단무지무침/음료,50,,,,,,(New)바지락비빔밥,420 kcal,,사과오이냉국,70 kcal
"쌀밥/팥밥/찰현미밥,230 kcal","닭곰탕,320 kcal",,목살데리야끼,350 kcal,실곤약초무침,50 kcal,수박,50,,,,,지중해샐러드,90,베이컨볶음밥,520,콩나물냉국,120,오징어볶음,220,주꾸미초무침,250,청경채나물,30,잔멸치볶음,90,,,,,,쌀밥/팥밥/찰현미밥,230 kcal,,닭곰탕,320 kcal
"(New)뿌리채소영양밥&달래양념장,320 kcal","해물된장찌개,270 kcal",,고추장불고기,320 kcal,닭가슴살냉채,120 kcal,치커리들깨무침,50,,,,,그린샐러드*키위요거트D,85,중국식볶음밥,520,로제파스타/스프,500,단호박스프,150,비엔나컬리플라워볶음,250,수제무말랭이무침,35,미역레몬초무침,25,,,,,,(New)뿌리채소영양밥&달래양념장,320 kcal,,해물된장찌개,270 kcal
"전주비빔밥*약고추장,590 kcal","버섯매운탕,220 kcal",,고구마치즈구이,350 kcal,두부새싹구이,100 kcal,깻잎지,35,,,,,,,제육김치덮밥,550,얼갈이된장국,150,수제핫도그,300,새우까스*탈탈소스,400,매콤시래기된장지짐,40,도라지오이생채,35,,,,,,전주비빔밥*약고추장,590 kcal,,버섯매운탕,220 kcal
,"두부맑은국,100 kcal",,불닭볶음,420 kcal,맛살겨자초무침,120 kcal,토마토/락교,25,,,,,,,김치필라프,520,참치김치찌개,250,과일샐러드,90,옥수수감자범벅,220,쪽파김무침,25,쫄면/비트무절임,250,,,,,,,,,두부맑은국,100 kcal
,"황태맑은국,150 kcal",,동파삼겹수육,350 kcal,돈육잡채,250 kcal,쌈무/참나물생채,30,,,,,,,참치덮밥,480,고추장찌개,250,쇠고기장조림,300,동그랑땡전,250,열무나물,35,해초무침,25,,,,,,,,,황태맑은국,150 kcal
,"토란국,180 kcal",,훈제오리냉채,350 kcal,감자볶음,150 kcal,연근조림,70,,,,,,,쌀밥,200,꼬지어묵우동,450,고등어카레구이,300,홍시드레싱샐러드,150,가지무침,35,노각무침,25,,,,,,,,,토란국,180 kcal
,"아욱된장국,160 kcal",,꽁치오븐구이,350 kcal,감자만두,200 kcal,오이도라지무침/수박,40,,,,,,,짜장면/작은밥,550,무채맑은국,120,너비아니*부추생채,250,베이컨계란말이,250,오이보트샐러드,30,호박나물,30,,,,,,,,,아욱된장국,160 kcal
,"느타리버섯국,150 kcal",,꽃맛살볶음,280 kcal,삼치구이,300 kcal,콩자반,80,,,,,,,참치마요덮밥,550,조갯살미역국,150,치킨핑거,300,무초절임,50,풋고추양파무침,25,셀프무쌈말이,40,,,,,,,,,느타리버섯국,150 kcal
,"우거지해장국,320 kcal",,매콤돼지갈비찜,400 kcal,춘권,200 kcal,양배추피클,20,,,,,,,굴소스볶음밥,520,근대된장국,150,돈까스,400,비엔나감자볶음,250,진미채오이무침,40,포도주스,80,,,,,,,,,우거지해장국,320 kcal
,"시금치된장국,130 kcal",,미니함박조림,320 kcal,해파리겨자채,80 kcal,꽈리고추찜,30,,,,,,,쇠고기볶음밥,550,황태국,150,순대야채볶음,250,실곤약초무침,100,연근깨소스무침,35,오이맛살초무침,30,,,,,,,,,시금치된장국,130 kcal
,"팽이버섯국,120 kcal",,장어강정,400 kcal,감자채볶음,150 kcal,시금치무침,30,,,,,,,스팸주먹밥,180,어묵우동,450,등뼈묵은지찜,400,크랜베리단호박샐러드,180,옛날소시지전*케찹,150,미역무침/콘샐러드,40,,,,,,,,,팽이버섯국,120 kcal
,"건새우무국,150 kcal",,삼겹살오븐구이,350 kcal,마늘쫑무침,100 kcal,상추&마늘,25,,,,,,,유산슬덮밥,550,해물된장찌개,250,소불고기,300,꽈리고추어묵조림,200,오이생채,20,청경채생채,30,,,,,,,,,건새우무국,150 kcal
,"돈신탕(해장탕),350 kcal",,새우까스&탈탈소스,450 kcal,닭살겨자냉채,120 kcal,쑥갓두부무침,60,,,,,,,버섯영양밥*우렁양념장,480,참치주먹밥,180,소고기퀘사디아,400,열대과일샐러드,150,애호박새우젓나물,35,유채나물,30,,,,,,,,,돈신탕(해장탕),350 kcal
,"계란국,120 kcal",,고등어조림,320 kcal,웨지감자오븐구이,200 kcal,치커리유자청무침,35,,,,,,,찹쌀밥,220,옥수수스프,180,쭈꾸미볶음,220,모둠버섯볶음,180,사과청경채무침,25,매운어묵볶음,100,,,,,,,,,계란국,120 kcal
,"동태찌개,260 kcal",,갈릭돈가스,450 kcal,연근/오징어튀김,220 kcal,올방개묵무침,50,,,,,,,마늘베이컨볶음밥,520,북어계란국,150,치킨텐더,300,연두부*양념,200,마늘쫑볶음,40,상추치커리무침,25,,,,,,,,,동태찌개,260 kcal
,"알탕,280 kcal",,소고기숙주볶음,300 kcal,오꼬노미계란말이,200 kcal,꽃맛살오리엔탈샐러드,80,,,,,,,스팸볶음밥,520,바지락수제비,400,삼치된장구이,280,해물파전,300,얼갈이나물,30,취나물,30,,,,,,,,,알탕,280 kcal
,"김치콩나물국,150 kcal",,고추잡채*꽃빵,320 kcal,오징어브로컬리숙회,120 kcal,호박잎쌈*양념,40,,,,,,,불고기필라프,550,해물짬뽕,500,왕새우튀김,350,날치알계란찜,220,매콤호박볶음,35,상추초무침,25,,,,,,,,,김치콩나물국,150 kcal
,"김치국,120 kcal",,칠리탕수육,500 kcal,매운어묵볶음,150 kcal,단무지무침,20,,,,,,,땡초주먹밥,180,목살김치찌개,250,훈제오리/무쌈/양파절임,250,가자미찜,280,부추무침,30,도라지초무침,35,,,,,,,,,김치국,120 kcal
,"조랭이떡미역국,220 kcal",,닭볶음,300 kcal,고구마범벅,180 kcal,연두부*양념,50,,,,,,,부채살오므라이스,550,시금치된장국,150,돈육볶음,300,단무지/락교,50,해초무침,25,참나물땅콩무침,40,,,,,,,,,조랭이떡미역국,220 kcal
,"설렁탕,400 kcal",,동태무조림,320 kcal,비엔나피망볶음,220 kcal,참나물땅콩무침,60,,,,,,,계란김밥,300,매운감자국,150,허니버터옥수수,200,양장피잡채,300,햄감자볶음,100,음료,80,,,,,,,,,설렁탕,400 kcal
,"콩비지찌개,250 kcal",,마늘치킨,450 kcal,꽁치와사비구이,320 kcal,애호박나물,30,,,,,,,삼겹살마늘볶음밥,550,대구지리,200,춘권,250,두부구이*양념장,220,콘슬로우,50,콩자반,80,,,,,,,,,콩비지찌개,250 kcal
,"순두부탕,220 kcal",,계란말이,250 kcal,모듬소시지볶음,320 kcal,참나물생채,30,,,,,,,후리가케덮밥,520,매생이굴국,150,깐풍육,350,찐감자/수박,180,참나물초장무침,30,오이피클,15,,,,,,,,,순두부탕,220 kcal
,"근대국,150 kcal",,닭찜,300 kcal,과일샐러드,80 kcal,핫도그,250,,,,,,,채소볶음밥&자장소스,550,미역국,150,돈육장조림,300,마늘바게뜨/음료,250,상추*양념장,25,파래김*장,25,,,,,,,,,근대국,150 kcal
,"홍합탕,200 kcal",,가자미카레튀김,450 kcal,모둠버섯볶음,120 kcal,단배추나물,25,,,,,,,흑미밥,200,봄동된장국,150,제육볶음,350,모듬소세지구이,350,단무지양념무침,15,고구마맛탕/오렌지,150,,,,,,,,,홍합탕,200 kcal
,"아욱국,150 kcal",,오리고추장볶음,320 kcal,동그랑땡,220 kcal,양배추쌈&쌈장,35,,,,,,,우육비빔냉면,480,매운오징어국,180,닭오븐구이,350,비빔야채만두,300,양념고추지,30,핫도그&케찹,250,,,,,,,,,아욱국,150 kcal
,"차돌박이된장찌개,330 kcal",,유린기,420 kcal,어묵볶음,150 kcal,마늘쫑건새우볶음,70,,,,,,,타워함박스테이크,700,감자찌개,150,새우까스*타르타르,400,단무지,50,근대고추장무침,35,비트무생채,25,,,,,,,,,차돌박이된장찌개,330 kcal
,"얼갈이국,120 kcal",,오리훈제고추장볶음,350 kcal,햄피망볶음,220 kcal,동태/새송이전,100,,,,,,,오리훈제볶음밥,550,들깨무채국,150,탕평채,90,감자카레볶음,250,오이지무침,15,얼갈이겉절이,30,,,,,,,,,얼갈이국,120 kcal
,"사골떡국,350 kcal",,너비아니구이,350 kcal,호박부추전,200 kcal,참나물무침,30,,,,,,,폭탄주먹밥,200,뼈감자탕,500,장어강정,400,볼어묵조림,200,감자간장조림,80,락교,15,,,,,,,,,사골떡국,350 kcal
,"황태국,180 kcal",,임연수찜,320 kcal,가지볶음,120 kcal,매운어묵볶음,70,,,,,,,계란볶음밥,520,새우튀김우동,500,쇠고기모둠장조림,350,닭가슴살장조림,280,콩나물볶음,50,실곤약초무침,25,,,,,,,,,황태국,180 kcal
,"짬뽕국,300 kcal",,유자청돈육볶음,320 kcal,골뱅이소면무침,250 kcal,멸치크렌베리볶음,90,,,,,,,쇠고기규동덮밥,550,쇠고기매운국,200,모듬떡볶이,300,해파리냉채,120,계란후라이/요구르트,100,군고구마,120,,,,,,,,,짬뽕국,300 kcal
,"냉이콩나물국,130 kcal",,간장파닭,450 kcal,메추리알곤약조림,120 kcal,단무지,20,,,,,,,청양멸치주먹밥,180,시래기들깨탕,220,갈치조림,330,단호박조림,200,감자채카레볶음,90,음료/단무지,50,,,,,,,,,냉이콩나물국,130 kcal
,"굴김치두부국,250 kcal",,샐러드파스타,300 kcal,오복지무침,100 kcal,미역레몬초무침,25,,,,,,,채소라면,500,장국,120,미니채소떡갈비,250,메밀전병만두,350,고구마순들깨볶음,50,수제오이피클/주스,50,,,,,,,,,굴김치두부국,250 kcal
,"배추국,120 kcal",,한방소갈비찜,400 kcal,모듬묵*양념장,120 kcal,땅콩조림,120,,,,,,,(New)케일쌈밥*씨앗쌈장,480,소고기무국,200,돈육강정,350,망고드레싱샐러드,150,마늘종멸치볶음,45,마늘쫑장아찌,40,,,,,,,,,배추국,120 kcal
,"소고기무국,200 kcal",,표고돈육탕수,400 kcal,계란버섯장조림,150 kcal,홍어채무침,50,,,,,,,(New)꼬막비빔밥,480,사골우거지국,250,닭볶음,350,황태양념구이,300,고추지무침,30,취나물/요구르트,60,,,,,,,,,소고기무국,200 kcal
,"들깨시래기국,200 kcal",,목살스테이크,350 kcal,모둠양채쌈,50 kcal,부추겉절이,25,,,,,,,애플카레라이스,500,미역장국,150,코다리엿장조림,280,오이피클/절인고추,50,단무지무침,15,겨울초겉절이,30,,,,,,,,,들깨시래기국,200 kcal
,"봄동된장국,150 kcal",,생선커틀릿,450 kcal,셀프무쌈말이,50 kcal,세발나물,25,,,,,,,김주먹밥,180,꼬치어묵탕,150,궁중떡볶음,300,새싹두부구이,220,새우살호박볶음,50,푸딩,150,,,,,,,,,봄동된장국,150 kcal
,"토란탕,180 kcal",,미트볼칠리조림,350 kcal,메밀버섯전,180 kcal,상추파채무침,25,,,,,,,유부초밥/쌀밥,200,김치두부국,220,닭매운찜,350,실곤약흑임자무침,100,깻잎쌈*청양마요소스,40,오이사과생채,30,,,,,,,,,토란탕,180 kcal
,"미소국,90 kcal",,꽁치김치말이,320 kcal,풍기샐러드,80 kcal,무생채/귤,35,,,,,,,오뗄햄김밥,400,우거지탕,250,돼지갈비찜,400,찹쌀도너츠,350,풋고추/양파*쌈장,40,치커리단감무침,25,,,,,,,,,미소국,90 kcal
,"얼큰순두부찌개,250 kcal",,데리야끼파닭,450 kcal,고추잡채*꽃빵,220 kcal,멸치아몬드볶음,90,,,,,,,채소볶음밥,500,유부우동,450,샐러드파스타,250,김치녹두전,250,세발나물무침,30,오이양배추피클,30,,,,,,,,,얼큰순두부찌개,250 kcal
,"콩가루배추국,150 kcal",,쇠고기숙주볶음,300 kcal,두부계란전,200 kcal,부추호박전,80,,,,,,,꼬치어묵매운탕,350,매운어묵국,180,닭강정,350,미트볼케찹조림,300,참나물겉절이,30,열무된장나물,35,,,,,,,,,콩가루배추국,150 kcal
,"소고기미역국,200 kcal",,훈제오리/무쌈,350 kcal,생선까스*탈탈소스,350 kcal,브로컬리무침,40,,,,,,,추가밥,150,카레돈까스정식,700,동파삼겹수육,400,요플레,150,고구마순볶음,50,무생채,15,,,,,,,,,소고기미역국,200 kcal
,"쇠고기무국(빨갛게),220 kcal",,쭈꾸미볶음,280 kcal,양파절임,30 kcal,풋고추*양파,25,,,,,,,마파두부,550,야채볶음밥,500,새우또띠아/음료,200,모듬묵*양념장,150,미나리전,100,봄동겉절이,25,,,,,,,,,쇠고기무국(빨갛게),220 kcal
,"맑은계란국,100 kcal",,명태엿장조림,320 kcal,모듬소세지구이,320 kcal,쌈다시마초장,20,,,,,,,미트볼파스타*추가밥,650,옛날돈가스,700,언양식불고기,350,마늘쫑볶음,100,실곤약채소무침,25,귤,60,,,,,,,,,맑은계란국,100 kcal
,"들깨미역국,180 kcal",,소고기버섯볶음,300 kcal,날치알계란찜,150 kcal,참나물,30,,,,,,,고추잡채덮밥,550,배추된장국,150,고등어양념구이,300,맛탕,250,깻잎고기전,120,피클/아이스슈,100,,,,,,,,,들깨미역국,180 kcal
,"꽃게찌개,300 kcal",,유산슬,320 kcal,닭살겨자채,120 kcal,연근땅콩조림,80,,,,,,,(New)치킨마요덮밥,550,연두부찌개,220,해물볶음우동,400,또띠아칩,200,(New)배추오이흑임자무침,35,과일,80,,,,,,,,,꽃게찌개,300 kcal
,"옹심이만두떡국,280 kcal",,해물김치전,300 kcal,햄감자채볶음,220 kcal,물파래무침,25,,,,,,,(New)팟시금치무쌉,480,우거지해장국,250,미트볼떡조림,250,홍어채무침,120,쑥갓겉절이,25,마늘쫑건새우볶음,45,,,,,,,,,옹심이만두떡국,280 kcal
,"새우살미역국,180 kcal",,파닭,450 kcal,임연수구이,300 kcal,오복지무침,30,,,,,,,알리오올리오/추가밥,600,단호박스프,180,새우까스*탈탈소스,400,삼치조림,280,도라지초무침,35,시래기조림,80,,,,,,,,,새우살미역국,180 kcal
,"소고기국,200 kcal",,짬뽕불고기,320 kcal,올방개묵무침,120 kcal,무쌈말이,40,,,,,,,(New)할라피뇨멸치주먹밥,180,새알만두국,350,소고기숙주볶음,300,옥수수맛탕,220,콩나물굴소스볶음,50,김가루잔파무침,25,,,,,,,,,소고기국,200 kcal
,"호박잎된장찌개,180 kcal",,통감자오븐구이,300 kcal,갈치조림,320 kcal,배추쌈/무말랭이,35,,,,,,,,,감자고추장찌개,220,단호박조림,120,두부새싹구이,220,치커리귤무침,25,조각티라미수,150,,,,,,,,,호박잎된장찌개,180 kcal
,"연두부탕,120 kcal",,치킨핑거*요거트D,430 kcal,샐러드파스타,250 kcal,쨔샤이무침/아이스슈,25,,,,,,,,,열무김치국수,400,유린기,350,오징어&브로컬리숙회,250,오이나물볶음,30,청포묵무침,35,,,,,,,,,연두부탕,120 kcal
,"오이지냉국,70 kcal",,양념찜닭,350 kcal,감자샐러드,200 kcal,상추초무침,20,,,,,,,,,올챙이만두국,350,토마토스파게티,300,감자치즈오븐구이,300,양배추비트피클,25,김자반/치킨무,50,,,,,,,,,오이지냉국,70 kcal
,"유부주머니국,200 kcal",,해물누룽지탕,450 kcal,콩나물겨자채,80 kcal,다시마*브로컬리,30,,,,,,,,,호박잎된장찌개,220,해물떡볶이,300,진미채무침,150,단무지채무침,15,애플망고두유/피클,100,,,,,,,,,유부주머니국,200 kcal
,"나가사끼짬뽕국,300 kcal",,양념돼지갈비찜,400 kcal,실곤약흑임자무침,50 kcal,오이도라지무침,30,,,,,,,,,근대국,150,가자미양념찜,280,돈육잡채,300,미나리나물무침,30,간장깻잎지,35,,,,,,,,,나가사끼짬뽕국,300 kcal
,"꼬지어묵탕,200 kcal",,삼치무조림,320 kcal,개성감자만두,200 kcal,하루나겉절이,25,,,,,,,,,옛날돈까스,700,목살간장조림,350,두부양념찜,220,고구마연근맛탕,80,애호박나물,30,,,,,,,,,꼬지어묵탕,200 kcal
,"삼계탕,400 kcal",,고구마튀김,400 kcal,버섯메밀전,180 kcal,군고구마,120,,,,,,,,,콩나물김치국,120,수제고로케,220,메추리알곤약조림,200,돌나물유자청무침,25,오이생채,20,,,,,,,,,삼계탕,400 kcal
,"소고기매운무국,220 kcal",,쇠고기버섯볶음,300 kcal,매운어묵무침,150 kcal,물미역초장,20,,,,,,,,,나가사끼짬뽕,500,닭데리야끼구이,350,쫄면야채무침,300,산고추지무침,30,조각사과,30,,,,,,,,,소고기매운무국,220 kcal
,"어묵탕,200 kcal",,돈육간장불고기,320 kcal,멕시칸샐러드,200 kcal,콩나물파채절이,35,,,,,,,,,김치국,120,류산슬,250,하와이안샐러드,150,오이달래무침,25,견과류조림,90,,,,,,,,,어묵탕,200 kcal
,"콩나물냉국,80 kcal",,미트볼케찹조림,350 kcal,옥수수계란찜,150 kcal,꽈리고추멸치볶음,70,,,,,,,,,꼬지어묵탕,150,등갈비묵은지찜,400,궁중떡볶음,300,명엽채볶음,50,세발나물무침,30,,,,,,,,,콩나물냉국,80 kcal
,"고사리육개장,300 kcal",,수제돈까스,450 kcal,비엔케찹볶음,220 kcal,쫑상추무침,25,,,,,,,,,맑은장국,120,양파치킨,300,찹쌀순대볶음,300,시금치나물무침,30,물파래무침,30,,,,,,,,,고사리육개장,300 kcal
,"해물순두부찌개,250 kcal",,쇠고기낙지볶음,320 kcal,꽁치김치말이,320 kcal,두반장가지볶음,50,,,,,,,,,김치국수,350,로제스파게티,350,브로컬리꽃맛살샐러드,180,삼색귤소스무침,25,내사랑포도/피클,80,,,,,,,,,해물순두부찌개,250 kcal
,"들깨버섯국,200 kcal",,매운동태찜,320 kcal,양배추쌈*쌈장,50 kcal,봄동된장무침,30,,,,,,,,,토란탕,150,소고기장조림,300,꽁치한마리구이,280,숙주나물당근무침,35,통도라지구이,40,,,,,,,,,들깨버섯국,200 kcal
,"가쯔오국,100 kcal",,동그랑땡전,300 kcal,꽃맛살샐러드,80 kcal,시금치초생채,30,,,,,,,,,배추국,150,갈치양념조림,330,갈비만두,350,오이선,20,청경채무침,30,,,,,,,,,가쯔오국,100 kcal
,"시래기들깨탕,200 kcal",,굴비구이,350 kcal,소세지감자조림,250 kcal,무쌈/부추무침,30,,,,,,,,,새알미역국,150,펜네베이컨샐러드,220,연두부*양념장,200,양파초절임,15,시금치나물/귤,90,,,,,,,,,시래기들깨탕,200 kcal
,"민물새우찌개,250 kcal",,동파육,400 kcal,꽈리고추어묵볶음,150 kcal,깻잎찜,35,,,,,,,,,올갱이아욱국,150,버섯탕수,250,코다리엿장조림,280,,,쫑상추무침,25,,,,,,,,,민물새우찌개,250 kcal
,"새알미역국,180 kcal",,주꾸미떡볶음,300 kcal,부추깻잎전,200 kcal,오이사과무침,25,,,,,,,,,황태무채국,150,고등어김치말이,280,핫도그/음료,350,,,단무지/음료,50,,,,,,,,,새알미역국,180 kcal
,"쇠고기매운버섯국,250 kcal",,생선까스,450 kcal,언양식불고기,250 kcal,진미채무침,70,,,,,,,,,옛날왕돈까스,700,삼겹살구이,400,잔멸치볶음,180,,,호박반달나물,30,,,,,,,,,쇠고기매운버섯국,250 kcal
,"청양된장찌개,270 kcal",,매운닭찜,320 kcal,비빔메밀국수,250 kcal,모듬쌈,40,,,,,,,,,대구매운탕,200,순대오징어볶음,250,새우또띠아,250,,,청경채사과무침,35,,,,,,,,,청양된장찌개,270 kcal
,"동태탕,260 kcal",,소갈비찜,400 kcal,두반장감자볶음,180 kcal,실곤약무침,20,,,,,,,,,홍합탕,150,고등어구이,330,녹두전(김치),250,,,풋마늘대무침,25,,,,,,,,,동태탕,260 kcal
,"들깨무채국,180 kcal",,언양식불고기*양파채,320 kcal,주꾸미초무침,150 kcal,물미역무침,20,,,,,,,,,냉이된장국,220,케이준샐러드,180,호빵/식혜,180,,,하와이안샐러드,120,,,,,,,,,들깨무채국,180 kcal
,"소고기된장찌개,250 kcal",,스위트칠리미트볼,350 kcal,무쌈말이,50 kcal,보름나물/김구이,30,,,,,,,,,버섯매운국,180,짬뽕불고기,350,들깨버섯무침,180,,,음료/오렌지,80,,,,,,,,,소고기된장찌개,250 kcal
,"달래된장국,150 kcal",,소고기낙지볶음,320 kcal,씨리얼과일샐러드,150 kcal,도라지오이생채,30,,,,,,,,,소고기매운국,200,쫄면야채무침,250,고구마치즈구이,220,,,홍어채무침,50,,,,,,,,,달래된장국,150 kcal
,"청량된장찌개,260 kcal",,낙지볶음,280 kcal,모듬버섯구이*초장,120 kcal,다시마쌈,20,,,,,,,,,도토리묵냉국,150,소고기모듬장조림,350,고등어카레구이,300,,,음료/락교,80,,,,,,,,,청량된장찌개,260 kcal
,"얼큰소고기국,280 kcal",,생선까스*탈탈소스,450 kcal,꽃맛살햄볶음,220 kcal,얼갈이나물,30,,,,,,,,,로제스파게티,500,볶음우동,400,훈제오리냉채,280,,,오이피클/마늘빵,80,,,,,,,,,얼큰소고기국,280 kcal
,"동태매운탕,300 kcal",,깐풍기,430 kcal,삼색묵무침,120 kcal,부추무침,25,,,,,,,,,삼계국밥,550,제육볶음(빨갛게),350,흑임자시금치샐러드,150,,,취나물된장무침,35,,,,,,,,,동태매운탕,300 kcal
,"쑥된장국,130 kcal",,언양식불고기,320 kcal,비엔나케찹볶음,220 kcal,치커리유자무침,35,,,,,,,,,완두콩스프,180,로제파스타,350,구운채소,150,,,고구마튀김/음료,150,,,,,,,,,쑥된장국,130 kcal
,"무청된장국,150 kcal",,팝콘치킨*데리마요,420 kcal,삼색꼬지전,200 kcal,톳무침,30,,,,,,,,,조랭이떡미역국,150,비빔메밀국수,300,꼬막찜,280,,,영양부추무침,30,,,,,,,,,무청된장국,150 kcal
,"조랭이떡국,220 kcal",,순살닭갈비,300 kcal,양잡피잡채,200 kcal,양파절임/오이부추무침,25,,,,,,,,,매운소고기국,200,동태콩나물찜,220,두부부침,220,,,모듬쌈,40,,,,,,,,,조랭이떡국,220 kcal
,"쇠고기매운국,280 kcal",,해물청경채볶음,300 kcal,갈치구이,300 kcal,돌나물무침,30,,,,,,,,,호박젓국찌개,220,가자미카레튀김,300,딸기드레싱샐러드,150,,,오복지무침,25,,,,,,,,,쇠고기매운국,280 kcal
,"찹쌀밥,210 kcal",,치킨커틀렛,450 kcal,연두부찜,100 kcal,무피클,20,,,,,,,,,미니우동,300,오징어순대볶음,250,김치전,250,,,깻잎찜,40,,,,,,,,,찹쌀밥,210 kcal
,"우무콩국,180 kcal",,콩나물불고기,280 kcal,감자전,200 kcal,봄동달래무침,30,,,,,,,,,호박새우젓국,220,유자청돈육볶음,300,크랜베리멸치볶음,180,,,땅콩조림/피클,90,,,,,,,,,우무콩국,180 kcal
,"미역오이냉국,70 kcal",,생선커틀렛,450 kcal,땅콩멸치볶음,180 kcal,고추간장지,25,,,,,,,,,매운쇠고기국,200,순살닭갈비,350,고구마그라탕,250,,,치커리무침/과일,50,,,,,,,,,미역오이냉국,70 kcal
,"연두부국,120 kcal",,훈제오리(마늘만),350 kcal,춘권*칠리소스,220 kcal,방풍나물,30,,,,,,,,,크림스프,180,치즈시즈닝치킨,350,부추호박전,250,,,오이생채/음료,50,,,,,,,,,연두부국,120 kcal
,"매운소고기무국,280 kcal",,매콤함박스테이크,320 kcal,두부구이*양념장,120 kcal,건새우마늘쫑볶음,70,,,,,,,,,들깨버섯국,220,미소장국,50,시금치흑임자샐러드,150,,,하루나무침,30,,,,,,,,,매운소고기무국,280 kcal
,"감자국,150 kcal",,훈제오리구이/쌈무,350 kcal,해물김치전,220 kcal,상추무침,25,,,,,,,,,미니짬뽕,400,갈치구이,330,어묵꽈리고추볶음,200,,,단무지/방울토마토,25,,,,,,,,,감자국,150 kcal
,"두부김치국,200 kcal",,돈육꽈리고추볶음,320 kcal,야채계란찜,150 kcal,바나나,90,,,,,,,,,해물수제비,400,쇠고기숙주볶음,300,메쉬드포테이토,250,,,오이미역무침,30,,,,,,,,,두부김치국,200 kcal
,"매운버섯국,220 kcal",,간장찜닭,350 kcal,파스타샐러드,250 kcal,크래미숙주무침,40,,,,,,,,,민물새우찌개,250,크림카레우동,400,두부찜,220,,,무피클/바나나,50,,,,,,,,,매운버섯국,220 kcal
,"떡만두국,250 kcal",,오리불고기,350 kcal,녹두김치전,200 kcal,파채상추무침,25,,,,,,,,,들깨시래기국,220,주꾸미떡볶음,300,푸실리샐러드,180,,,키위드레싱샐러드,80,,,,,,,,,떡만두국,250 kcal
,"새알만두국,250 kcal",,탕수만두,450 kcal,콩나물동태찜,250 kcal,머위된장나물,35,,,,,,,,,팽이가쯔오장국,120,미니버거,250,콩나물냉채,100,,,치커리무침,25,,,,,,,,,새알만두국,250 kcal
,"콩가루배추된장국,150 kcal",,삼치된장구이,320 kcal,고등어조림,320 kcal,도라지생채,30,,,,,,,,,쇠고기국,200,꽁치오븐구이,330,딸기생크림와플,350,,,스틱단무지/오렌지주스,50,,,,,,,,,콩가루배추된장국,150 kcal
,"북어해장국,320 kcal",,삼겹살구이,350 kcal,군만두,200 kcal,요플레,120,,,,,,,,,얼갈이국,150,감자만두,200,봄나물튀김,200,,,도라지생채,35,,,,,,,,,북어해장국,320 kcal
,"소고기샤브국,250 kcal",,훈제오리고추장볶음,350 kcal,꽁치한마리구이,320 kcal,아삭고추된장무침,30,,,,,,,,,미니잔치국수,300,옥수수스프,150,모듬소시지구이,350,,,방풍나물,30,,,,,,,,,소고기샤브국,250 kcal
,"차돌된장찌개,330 kcal",,삼치구이,320 kcal,맛살전,200 kcal,하와이안샐러드,80,,,,,,,,,김치순두부찌개,250,코다리조림,280,브로컬리오징어숙회,250,,,양배추샐러드/음료,50,,,,,,,,,차돌된장찌개,330 kcal
,"김치두부국,250 kcal",,찹쌀밥,250 kcal,굴비구이,350 kcal,영양부추생채,25,,,,,,,,,달래된장국,220,치즈닭갈비,350,크림새우,400,,,오이무침/바나나,50,,,,,,,,,김치두부국,250 kcal
,"매운소고기국,280 kcal",,양장피잡채,320 kcal,물파래전,150 kcal,부추생채/양파절임,30,,,,,,,,,꼬지어묵국,150,임연수엿장조림,250,카레감자채볶음,250,,,아이스슈,200,,,,,,,,,매운소고기국,280 kcal
,"우묵냉국,50 kcal",,오징어굴소스볶음,320 kcal,닭가슴살장조림,120 kcal,머위대들깨볶음,70,,,,,,,,,매운소고기무국,200,팝콘치킨*데리야끼소스,300,핫도그&케찹,350,,,깻잎양념찜,40,,,,,,,,,우묵냉국,50 kcal
,"올챙이만두국,250 kcal",,파스타샐러드,300 kcal,오이달래무침,50 kcal,양념깻잎지,35,,,,,,,,,떡국,350,부추만두,200,펜네베이컨샐러드,200,,,두반장가지볶음,40,,,,,,,,,올챙이만두국,250 kcal
,"들깨시락국,180 kcal",,돈육보쌈,350 kcal,부추만두,200 kcal,미나리오이무침,30,,,,,,,,,미니국수,300,닭데리야끼조림,350,해물김치전,300,,,바나나와플/단무지,150,,,,,,,,,들깨시락국,180 kcal
,"맑은순두부국,200 kcal",,해물까스*칠리소스,450 kcal,감자채전,180 kcal,양배추*쌈,20,,,,,,,,,스프,180,탄두리치킨,350,블루베리드레싱샐러드,150,,,마늘빵/음료,150,,,,,,,,,맑은순두부국,200 kcal
,"꽃게된장찌개,300 kcal",,소고기불고기,300 kcal,버섯구이*발사믹D,120 kcal,고추지,25,,,,,,,,,두부김치국,250,웨지감자,150,시리얼과일샐러드,150,,,도라지채무침,35,,,,,,,,,꽃게된장찌개,300 kcal
,"우거지된장국,200 kcal",,표고버섯탕수육,400 kcal,시금치프리타타,150 kcal,청경채사과생채,35,,,,,,,,,무청된장국,150,풋고추튀김,100,동그랑땡계란부침,250,,,참나물땅콩가루무침,40,,,,,,,,,우거지된장국,200 kcal
,"우동국,150 kcal",,주꾸미굴소스볶음,280 kcal,계란장조림,150 kcal,오이지무침,25,,,,,,,,,초계국수,450,꽁치구이,330,햄감자채볶음,250,,,피클/피크닉,50,,,,,,,,,우동국,150 kcal
,"옥수수스프,120 kcal",,단호박장조림,320 kcal,견과류조림,180 kcal,모둠쌈/씨앗쌈장,40,,,,,,,,,동태탕,250,비빔야채만두,200,두부오꼬노미야끼,220,,,오이지무침,15,,,,,,,,,옥수수스프,120 kcal
,"굴미역국,150 kcal",,감자프리타타,280 kcal,곤약야채무침,50 kcal,치커리사과생채,35,,,,,,,,,소고기매운무국,200,유자청제육볶음,300,왕만두,350,,,꽃상추무침,25,,,,,,,,,굴미역국,150 kcal
,"감자양파국,150 kcal",,꽁치구이,350 kcal,생선까스*타르소스,350 kcal,양배추쌈*양념장,35,,,,,,,,,차돌된장찌개,300,안동찜닭,350,야채비빔만두,300,,,비름나물,30,,,,,,,,,감자양파국,150 kcal
,"크림스프,200 kcal",,쇠불고기/잡채,300 kcal,카레감자채볶음,180 kcal,미역줄기볶음,30,,,,,,,,,시래기들개탕,220,돈육모듬장조림,350,고구마범벅,200,,,오렌지주스,80,,,,,,,,,크림스프,200 kcal
,"미니짬뽕,220 kcal",,개성감자만두,250 kcal,맛살계란찜,150 kcal,청경채겉절이,25,,,,,,,,,브로컬리크림스프,180,타코야끼,250,순대야채볶음,300,,,무초절이,15,,,,,,,,,미니짬뽕,220 kcal
,"대파육개장*칼국수,350 kcal",,코다리조림,320 kcal,감자프리타타,150 kcal,단무지/사과,35,,,,,,,,,맑은연두부탕,150,브로컬리크림스프,150,해라피겨자채,120,,,사과맛살초무침,30,,,,,,,,,대파육개장*칼국수,350 kcal
,"미소시루,90 kcal",,돈육피망볶음,320 kcal,콥샐러드,200 kcal,우엉조림,70,,,,,,,,,북어해장국,500,주꾸미굴소스볶음,250,생과일플레인샐러드,150,,,비트무피클,20,,,,,,,,,미소시루,90 kcal
,"대구탕,300 kcal",,생선까스&탈탈소스,450 kcal,모듬소세지볶음,320 kcal,모듬양채쌈,40,,,,,,,,,사과오이냉국,120,고구마오븐구이,220,해물까스*칠리소스,400,,,해파리겨자채,25,,,,,,,,,대구탕,300 kcal
,"조갯살무국,180 kcal",,닭볶음탕,320 kcal,어묵꽈리고추볶음,150 kcal,천도복숭아,50,,,,,,,,,해물짬뽕국,500,돈육간장강정,350,오징어튀김,300,,,과일샐러드/단무지,80,,,,,,,,,조갯살무국,180 kcal
,"갈비탕,400 kcal",,명태코다리조림,320 kcal,해물부추전,220 kcal,얼갈이된장무침,30,,,,,,,,,건새우아욱된장국,220,후르츠탕수육,400,자기계발의날,0,,,건파래무침,30,,,,,,,,,갈비탕,400 kcal
,"우렁된장찌개,250 kcal",,간장마늘치킨,450 kcal,감자비엔나볶음,220 kcal,시래기조림,50,,,,,,,,,김치어묵국,180,오징어초무침,120,샐러드/피클,100,,,가지무침,35,,,,,,,,,우렁된장찌개,250 kcal
,"경상도식소고기국,220 kcal",,양파치킨,450 kcal,떡볶이,300 kcal,호박잎/양배추쌈*쌈장,40,,,,,,,,,황태해장국,500,수제칠리핫도그,300,오징어브로컬리,250,,,무나물,15,,,,,,,,,경상도식소고기국,220 kcal
,"순대국밥,350 kcal",,오징어돈육볶음,320 kcal,비빔야채만두,200 kcal,셀프무쌈말이,40,,,,,,,,,얼큰소고기무국,200,오징어튀김,300,옥수수샐러드,150,,,고구마범벅/무피클,120,,,,,,,,,순대국밥,350 kcal
,"꽃게된장국,300 kcal",,명태코다리강정,400 kcal,곤약흑임자무침,50 kcal,검정콩조림,120,,,,,,,,,(쌀:국내산),200,돈가스또띠아,400,닭살겨자냉채,220,,,검정콩조림,80,,,,,,,,,꽃게된장국,300 kcal
,"미니우동,150 kcal",,과일탕수육,450 kcal,동그랑땡구이,220 kcal,고구마줄기볶음,50,,,,,,,,,짬뽕국,500,감자치즈오븐구이,220,모둠과일,150,,,깻순나물,30,,,,,,,,,미니우동,150 kcal
,"홍초콩나물국,120 kcal",,가래떡돼지갈비찜,400 kcal,두부양념조림,120 kcal,호박나물,30,,,,,,,,,만두국,350,훈제오리떡볶음,350,올방개묵무침,120,,,매실주스,80,,,,,,,,,홍초콩나물국,120 kcal
,"전복장각삼계탕,420 kcal",,매콤미니함박,320 kcal,해물겨자냉채,80 kcal,요플레/오복지,120,,,,,,,,,해물칼국수,450,짜장면,400,매운어묵볶음,200,,,야채스틱/과일,80,,,,,,,,,전복장각삼계탕,420 kcal
,"소고기당면국,250 kcal",,돈육볶음,320 kcal,두부계란구이,150 kcal,온두부,60,,,,,,,,,매운콩나물국,150,김치두루치기,300,흑임자샐러드,150,,,양배추피클,30,,,,,,,,,소고기당면국,250 kcal
,"멸치국수,200 kcal",,치킨핑거*요거트소스,420 kcal,생야채&쌈장,50 kcal,모듬묵*양념장,60,,,,,,,,,대구탕,200,고구마그라탕,220,두부카프레제,220,,,무비트생채/음료,50,,,,,,,,,멸치국수,200 kcal
,"나주곰탕,400 kcal",,조기구이,350 kcal,간장두부조림,120 kcal,상추파무침,25,,,,,,,,,쑥된장국,150,홍시드레싱샐러드,100,모둠묵샐러드,150,,,세발나물/과일,60,,,,,,,,,나주곰탕,400 kcal
,"새우완자탕,220 kcal",,소고기장조림,320 kcal,오꼬노미야끼,220 kcal,미니케익/식혜,150,,,,,,,,,칼국수,450,꽁치김치찜,330,*자기계발의날*,0,,,무비트생채,30,,,,,,,,,새우완자탕,220 kcal
,"대구지리탕,300 kcal",,류산슬,320 kcal,모둠버섯구이,120 kcal,얼갈이생채,25,,,,,,,,,나가사키짬뽕국,500,돈육계란장조림,300,오꼬노미야끼계란말이,220,,,영양부추생채,30,,,,,,,,,대구지리탕,300 kcal
,"제첩두부국,180 kcal",,양념치킨,450 kcal,메밀전,180 kcal,해파리겨자채,30,,,,,,,,,물만두국,350,크림스프,150,키위드레싱샐러드,150,,,시래기지짐,100,,,,,,,,,제첩두부국,180 kcal
,"쌀국수(숙주들어감),250 kcal",,코다리양념조림,320 kcal,닭살냉채,120 kcal,콩나물파채/상추쌈,40,,,,,,,,,해물손수제비,400,훈제오리구이,250,건새우마늘쫑볶음,180,,,오복지/귤,60,,,,,,,,,쌀국수(숙주들어감),250 kcal
,"버섯들깨국,200 kcal",,안동찜닭,350 kcal,소세지오븐구이,320 kcal,봄동겉절이,25,,,,,,,,,건새우아욱국,150,굴비구이,330,참치야채전,250,,,풋마늘초무침,25,,,,,,,,,버섯들깨국,200 kcal
,"왕갈비탕,420 kcal",,닭매운찜,320 kcal,오징어브로컬리*초장,120 kcal,과일샐러드,80,,,,,,,,,장각닭죽,450,국물떡볶이,300,꽈리고추찜,200,,,감자튀김/피클,120,,,,,,,,,왕갈비탕,420 kcal
,"냉메밀소바,120 kcal",,수제돈까스*칠리소스,450 kcal,꽈리고추어묵조림,150 kcal,가지무침,40,,,,,,,,,메밀국수,400,시저샐러드,250,코다리강정,280,,,수제피클/사과,50,,,,,,,,,냉메밀소바,120 kcal
,"아욱수제비국,200 kcal",,콩나물제육볶음,320 kcal,쌈&야채스틱,50 kcal,물미역*초장,20,,,,,,,,,부대찌개&쫄면사리,550,매운닭찜,350,궁중떡볶이,300,,,과일샐러드,80,,,,,,,,,아욱수제비국,200 kcal
,"열무물국수,150 kcal",,완자전,300 kcal,모듬묵양념장,120 kcal,단호박범벅,60,,,,,,,,,가쓰오장국,120,고등어자반찜,330,고등어조림,280,,,검정콩조림/귤,100,,,,,,,,,열무물국수,150 kcal
,"유부주머니된장국,200 kcal",,삼치데리야끼,350 kcal,볼어묵볶음,150 kcal,김구이*달래간장,45,,,,,,,,,백종원의,0,연근/고구마튀김,200,가정의날,0,,,오이도라지무침,35,,,,,,,,,유부주머니된장국,200 kcal
,"들깨수제비,220 kcal",,깐풍육,430 kcal,탕수만두,250 kcal,오이미역무침,25,,,,,,,,,뼈없는감자탕,500,돈육고추장볶음,350,삼치된장구이,280,,,올방개묵무침,40,,,,,,,,,들깨수제비,220 kcal
,"미역미소시루,90 kcal",,생야채,150 kcal,오꼬노미야끼계란말이,200 kcal,상추쑥갓생채,30,,,,,,,,,두부미소된장국,220,모둠튀김*칠리소스,250,모둠버섯구이,180,,,호빵/오렌지주스,150,,,,,,,,,미역미소시루,90 kcal
,"매콤콩나물국,150 kcal",,삼치양념구이,320 kcal,모듬묵샐러드,80 kcal,파채콩나물무침,40,,,,,,,,,굴미역국,150,후르츠탕수육(황도),400,풍기샐러드,150,,,무쌈말이,30,,,,,,,,,매콤콩나물국,150 kcal
,"냉모밀국수,120 kcal",,갈치양념조림,320 kcal,고등어구이,320 kcal,파래김*양념,50,,,,,,,,,조갯살아욱국,150,봄나물튀김,220,파스타샐러드,180,,,치커리생채,25,,,,,,,,,냉모밀국수,120 kcal
,"오이사과냉국,70 kcal",,동태포전,300 kcal,비엔나케찹조림,220 kcal,오이무침/식혜,25,,,,,,,,,나가사끼짬뽕국*라면,550,케이준치킨샐러드,180,콥샐러드,200,,,미역무침,35,,,,,,,,,오이사과냉국,70 kcal
,"팽이무국,150 kcal",,해물까스,450 kcal,메밀전병만두,200 kcal,매운콩나물무침,35,,,,,,,,,감자만두국,350,동태포전,180,닭살냉채,220,,,고추장멸치볶음,90,,,,,,,,,팽이무국,150 kcal
,"대파육개장,350 kcal",,꽁치레몬구이,350 kcal,김치제육볶음,250 kcal,세발나물무침,25,,,,,,,,,황태미역국,150,레몬탕수육,400,메밀전,250,,,탕평채,40,,,,,,,,,대파육개장,350 kcal
,"동태알탕,280 kcal",,모듬장조림,350 kcal,궁중떡찜,300 kcal,아삭고추무침/귤,35,,,,,,,,,홍합무우국,150,쇠고기야채볶음,300,감자만두/샐러드,300,,,마늘바게트/샐러드,150,,,,,,,,,동태알탕,280 kcal
,"물만두국,220 kcal",,돈육고추장불고기,320 kcal,모둠쌈,50 kcal,도라지오이무침,30,,,,,,,,,다슬기아욱국,150,표고버섯탕수육,250,컬리플라워샐러드,150,,,바나나/오복지,100,,,,,,,,,물만두국,220 kcal
,"한방설렁탕,400 kcal",,돼지갈비찜/잡채,400 kcal,마파두부,300 kcal,청경채사과무침,35,,,,,,,,,근대두부된장국,220,소고기버섯볶음,300,멸치아몬드볶음,180,,,쨔샤이무침/음료,50,,,,,,,,,한방설렁탕,400 kcal
,"맑은콩나물국,120 kcal",,김치전,300 kcal,메밀부추전,180 kcal,콩조림,80,,,,,,,,,우삼겹부대찌개,550,삼치양념찜,280,볼어묵곤약볶음,200,,,야채스틱/방울토마토,50,,,,,,,,,맑은콩나물국,120 kcal
,"건새우무채국,150 kcal",,생선가스*칠리소스,450 kcal,쇠고기잡채,250 kcal,보름나물/구이김,35,,,,,,,,,유부된장국,150,모듬장조림(소고기),350,골뱅이무침&소면,250,,,호박채나물,30,,,,,,,,,건새우무채국,150 kcal
,"콩가루배춧국,150 kcal",,김치제육볶음,320 kcal,도라지오이무침,100 kcal,단배추나물/치킨무,35,,,,,,,,,전주식콩나물국,120,돈육칠리강정,350,늙은호박전,250,,,오이사과무침,30,,,,,,,,,콩가루배춧국,150 kcal
,"장각삼계탕,420 kcal",,닭데리야끼구이,350 kcal,들깨버섯무침,120 kcal,시래기지짐,40,,,,,,,,,얼큰동태탕,250,함박스테이크,300,오징어젓무침,120,,,바나나/락교,90,,,,,,,,,장각삼계탕,420 kcal
,"김치우동,200 kcal",,치킨핑거*요거트드레싱,420 kcal,사각어묵볶음,150 kcal,청경채나물,30,,,,,,,,,삼선짬뽕국*칼국수,550,닭겨자냉채,250,마제소바,350,,,미역초무침,35,,,,,,,,,김치우동,200 kcal
,"호박맑은국,150 kcal",,새우까스*탈탈소스,450 kcal,두부오꼬노미야끼,200 kcal,흑임자연근샐러드,90,,,,,,,,,모듬어묵탕,150,새우까스*칠리소스,400,비엔나감자구이,250,,,고구마순나물,50,,,,,,,,,호박맑은국,150 kcal
,"해물수제비국,250 kcal",,쇠고기모듬장조림,350 kcal,고구마그라탕,250 kcal,오복지,25,,,,,,,,,소고기된장찌개,250,모둠튀김*초간장,250,녹두전,250,,,콩나물무침/음료,50,,,,,,,,,해물수제비국,250 kcal
,"황태미역국,180 kcal",,치즈함박스테이크,350 kcal,곤약어묵볶음,150 kcal,취나물무침,30,,,,,,,,,돼지국밥,550,소고기불고기,300,웨지감자/피클,200,,,오이무침/음료,50,,,,,,,,,황태미역국,180 kcal
,"호박된장찌개,180 kcal",,등갈비김치말이,400 kcal,해물까스,350 kcal,시저샐러드,150,,,,,,,,,해물순두부국,250,간장치킨,350,소세지볶음,250,,,치커리유자청무침,25,,,,,,,,,호박된장찌개,180 kcal
,"우거지국,150 kcal",,새우까스*칠리소스,450 kcal,골뱅이무침,250 kcal,양파절임/쌈무,25,,,,,,,,,스팸김치찌개,250,콩나물불고기,250,꽈리고추어묵볶음,200,,,시금치초무침,35,,,,,,,,,우거지국,150 kcal
,"짜글이돼지찌개,300 kcal",,메추리알조림,320 kcal,황태양념구이,300 kcal,청경채새송이볶음,60,,,,,,,,,유부주머니된장국,150,꽁치김치말이,330,셀프무쌈말이,150,,,무피클/오렌지,50,,,,,,,,,짜글이돼지찌개,300 kcal
,"뼈없는감자탕,400 kcal",,야채튀김,300 kcal,맛살냉채,100 kcal,상추부추생채,30,,,,,,,,,매운계란파국,150,돈삼겹보쌈,400,해물떡볶이,300,,,머위순나물,30,,,,,,,,,뼈없는감자탕,400 kcal
,"북어채국,150 kcal",,순대볶음,320 kcal,떡잡채,250 kcal,도라지무침,30,,,,,,,,,고기짬뽕국,500,등갈비바베큐조림,400,양배추샐러드,150,,,청포도,60,,,,,,,,,북어채국,150 kcal
,"맑은버섯육개장,250 kcal",,돈육간장강정,400 kcal,두부*김치볶음,180 kcal,무쌈/양파절임,30,,,,,,,,,우동국물,100,양념갈비찜,400,무쌈/부추생채,100,,,김자반볶음,50,,,,,,,,,맑은버섯육개장,250 kcal
,"순남시래기국,150 kcal",,치킨핑거/요거트D,420 kcal,미니함박조림,220 kcal,영양부추무침,25,,,,,,,,,나박물김치,50,모둠튀김*칠리소스,250,새우또띠아/음료,250,,,감자샐러드,80,,,,,,,,,순남시래기국,150 kcal
,"바지락미역국,180 kcal",,보쌈,350 kcal,비엔나간장볶음,220 kcal,고추지무침,25,,,,,,,,,만둣국,350,생선까스*칠리소스,400,옥수수계란찜,220,,,느타리호박볶음,50,,,,,,,,,바지락미역국,180 kcal
,"다슬기아욱국,180 kcal",,치킨너겟*머스타드,420 kcal,연두부*달래장,100 kcal,브로컬리맛살볶음,60,,,,,,,,,추가밥,150,수제돈가스*칠리소스,400,호박부추전,250,,,요플레/무피클,100,,,,,,,,,다슬기아욱국,180 kcal
,"황태콩나물해장국,320 kcal",,소고기숙주나물볶음,300 kcal,모듬소시지구이,320 kcal,방울토마토,25,,,,,,,,,참치파개장,250,자기계발의날,0,시저샐러드,180,,,오복지/바나나,90,,,,,,,,,황태콩나물해장국,320 kcal
,"(New)오리들깨탕,250 kcal",,수원왕갈비통닭,450 kcal,궁중떡볶음,300 kcal,찐옥수수,120,,,,,,,,,크림스프/추가밥,330,돈육간장불고기,350,두부스테이크,220,,,오렌지주스/피클,80,,,,,,,,,(New)오리들깨탕,250 kcal
,"매운계란파국,220 kcal",,새송이떡갈비구이,320 kcal,떡밤초,150 kcal,도토리묵*양념장,60,,,,,,,,,짬뽕순두부찌개,500,코다리양념조림,280,꽃빵튀김*연유,250,,,어묵무침,50,,,,,,,,,매운계란파국,220 kcal
,"홍합살미역국,180 kcal",,부추전,300 kcal,호박전,180 kcal,실곤약야채무침,20,,,,,,,,,꼬치어묵국,150,양장피잡채,250,마늘바게뜨,200,,,바나나/샐러드,100,,,,,,,,,홍합살미역국,180 kcal
,"잔치국수,200 kcal",,돈육콩나물불고기,320 kcal,실곤약무침,50 kcal,찐햇감자,80,,,,,,,,,두부된장찌개,250,굴소스볶음밥,400,느타리호박볶음,180,,,오이맛살무침,30,,,,,,,,,잔치국수,200 kcal
,"감자수제비국,220 kcal",,함박스테이크,350 kcal,멸치볶음,180 kcal,호박잎*양배추쌈,40,,,,,,,,,숙주고기짬뽕,500,양념치킨,350,갈치구이,280,,,청포도피클,40,,,,,,,,,감자수제비국,220 kcal
,"버섯국,150 kcal",,사과고구마그라탕,350 kcal,오징어&브로컬리*초장,120 kcal,오이사과생채,25,,,,,,,,,유부우동국물,100,훈제오리볶음,250,감자샐러드,180,,,모듬쌈*쌈장,40,,,,,,,,,버섯국,150 kcal
,"옹심이만둣국,280 kcal",,돼지고기유자청볶음,320 kcal,떡갈비조림,250 kcal,오복지/과일,50,,,,,,,,,오징어무국,150,마늘간장치킨,350,모둠튀김,200,,,머위대초무침,30,,,,,,,,,옹심이만둣국,280 kcal
,"북엇국,180 kcal",,치킨너겟,420 kcal,명태양념조림,250 kcal,브로컬리*초장,25,,,,,,,,,김치수제비국,400,자기개발의날,0,감자범벅/오이피클,200,,,오이맛살냉채,30,,,,,,,,,북엇국,180 kcal
,"건새우미역국,180 kcal",,삼겹보쌈,350 kcal,곤약메추리알조림,120 kcal,사과맛살초무침,35,,,,,,,,,냉메밀소바,400,돈육간장볶음,300,무쌈/양파/부추생채,100,,,두부카프레제,120,,,,,,,,,건새우미역국,180 kcal
,"통계란꼬치어묵탕,200 kcal",,갈비통통만두,250 kcal,명란계란말이,250 kcal,영양모듬견과,200,,,,,,,,,잡채말이어묵국,150,수원왕갈비통닭,400,소시지오븐구이,350,,,꼬들단무지/음료,50,,,,,,,,,통계란꼬치어묵탕,200 kcal
,"김칫국,120 kcal",,고구마함박스테이크,350 kcal,생선커틀릿*탈탈소스,350 kcal,야채스틱*쌈장,40,,,,,,,,,유부주머니우동국,100,순살파닭,350,고구마튀김,220,,,아몬드멸치볶음,90,,,,,,,,,김칫국,120 kcal
,"두부된장찌개,250 kcal",,돈육김치볶음,320 kcal,구운채소,120 kcal,건파래무침,30,,,,,,,,,얼큰감자국,150,딸기드레싱샐러드,100,생선커틀릿*탈탈소스,400,,,천도복숭아,60,,,,,,,,,두부된장찌개,250 kcal
,"홍합살무국,180 kcal",,새송이너비아니구이,320 kcal,오이무침,50 kcal,쨔샤이무침/과일,40,,,,,,,,,동태매운탕,250,해물까스/케찹,400,오꼬노미야끼,220,,,수제오이피클,30,,,,,,,,,홍합살무국,180 kcal
,"매운쇠고기국,280 kcal",,생선까스*칠리소스,450 kcal,브로컬리오징어숙회,120 kcal,송편/식혜,150,,,,,,,,,우동장국,100,새송이너비아니구이,250,검정콩조림,180,,,또띠아견과칩,150,,,,,,,,,매운쇠고기국,280 kcal
,"유부김칫국,200 kcal",,탄두리치킨,450 kcal,참나물생채,50 kcal,오이초무침,25,,,,,,,,,매운닭개장,180,해물까스*와사비소스,400,느타리버섯볶음,180,,,감자범벅/무피클,120,,,,,,,,,유부김칫국,200 kcal
,"미역미소시루국,90 kcal",,대패삼겹*파채,350 kcal,오징어야채무침,120 kcal,야채스틱/과일,50,,,,,,,,,김밥,300,꽁치구이*와사비장,330,감자튀김/무피클,200,,,찐감자,100,,,,,,,,,미역미소시루국,90 kcal
,"곤드레밥/찰현미밥,210 kcal",,해물굴소스볶음,320 kcal,함박스테이크,350 kcal,브로컬리들깨찜,60,,,,,,,,,우거지된장국,250,찐만두,200,또띠아견과칩,200,,,마늘쫑건새우,45,,,,,,,,,곤드레밥/찰현미밥,210 kcal
,"(New)고구마순등뼈탕,400 kcal",,훈제오리단호박볶음,350 kcal,콩나물냉채,80 kcal,반달호박나물,30,,,,,,,,,매운순대국밥,500,간장마늘치킨,350,씨리얼과일샐러드,150,,,피클,20,,,,,,,,,(New)고구마순등뼈탕,400 kcal
,"돼지김치찌개,300 kcal",,딸기드레싱샐러드,250 kcal,미트볼케찹조림,220 kcal,오징어젓무침,50,,,,,,,,,어묵매운탕,180,크림새우,400,단호박달걀찜,220,,,열무나물,35,,,,,,,,,돼지김치찌개,300 kcal
,"바지락냉이국,80 kcal",,시금치프리타타,280 kcal,주꾸미굴소스볶음,150 kcal,얼갈이겉절이,25,,,,,,,,,우거지국,250,새우까스*와사비소스,400,김말이튀김,300,,,단무지/과일,50,,,,,,,,,바지락냉이국,80 kcal
,"홍합국,200 kcal",,치킨텐더샐러드,420 kcal,양념두부조림,120 kcal,연두부*양념장,50,,,,,,,,,사골옹심이만둣국,550,돈육피망볶음,300,비엔나볶음,250,,,땅콩조림,90,,,,,,,,,홍합국,200 kcal
,"황태채국,180 kcal",,감자치즈구이,350 kcal,녹두전,200 kcal,참나물겉절이,30,,,,,,,,,컵라면&찐계란,400,과일탕수육,400,닭가슴살냉채,220,,,양배추샐러드/무피클,50,,,,,,,,,황태채국,180 kcal
,"어묵매운탕,220 kcal",,모듬튀김,450 kcal,오징어튀김,250 kcal,비트무생채,25,,,,,,,,,온모밀국수,400,두부커틀릿,200,가자미양념조림,280,,,우엉곤약조림,80,,,,,,,,,어묵매운탕,220 kcal
,"불낙찌개,280 kcal",,훈제오리볶음,350 kcal,두부스테이크,220 kcal,도라지오이무침/식혜,40,,,,,,,,,김치어묵탕,180,야채쫄면,250,해물볶음우동,350,,,도라지무침,35,,,,,,,,,불낙찌개,280 kcal
,"콩비지김치찌개,250 kcal",,또띠아피자,450 kcal,쭈꾸미숙회무침,120 kcal,단무지/오렌지,50,,,,,,,,,김칫국,120,파스타샐러드,250,감자전,200,,,얼갈이생채,30,,,,,,,,,콩비지김치찌개,250 kcal
,"조갯살아욱국,180 kcal",,함박스테이크*소스,350 kcal,사과고구마그라탱,250 kcal,유채나물/치킨무,30,,,,,,,,,옹심이만둣국,350,삼치튀김*데리소스,300,모둠버섯초무침,150,,,수제피클/과일,50,,,,,,,,,조갯살아욱국,180 kcal
,"팽이된장국,150 kcal",,오징어숙회무침,280 kcal,단호박계란찜,150 kcal,콩나물겨자채무침,35,,,,,,,,,버섯육개장,180,미니야채떡갈비,250,부추만두,300,,,꼬들단무지/요플레,50,,,,,,,,,팽이된장국,150 kcal
,"(쌀밥/찰현미밥),210 kcal",,묵은지닭찜,320 kcal,오징어젓무침,120 kcal,무생채/요플레,60,,,,,,,,,매운순대국,500,오징어굴소스볶음,250,미트볼조림,250,,,무피클/샐러드,50,,,,,,,,,(쌀밥/찰현미밥),210 kcal
,"호박고추장찌개,260 kcal",,토마토스파게티,350 kcal,가래떡구이*조청,180 kcal,음료,70,,,,,,,,,떡갈비주먹밥/추가밥,330,해물부추전,250,돈까스또띠아,400,,,콩나물파채무침,40,,,,,,,,,호박고추장찌개,260 kcal
,"(New)누룽지장각백숙,420 kcal",,허니버터치킨,450 kcal,실곤약야채무침,50 kcal,무말랭이,20,,,,,,,,,청양콩나물국,150,오징어볶음*소면,250,감자튀김,200,,,깻잎지,35,,,,,,,,,(New)누룽지장각백숙,420 kcal
,"굴떡국,220 kcal",,크림새우,450 kcal,동태포전,180 kcal,유채나물겉절이,30,,,,,,,,,＜자기,0,돼지고기장조림,300,참치샐러드,180,,,치커리사과생채,25,,,,,,,,,굴떡국,220 kcal
,"(New)돈갈비김치찌개,300 kcal",,치킨텐더*콘소스D,430 kcal,모듬버섯볶음,120 kcal,돌나물*초장,30,,,,,,,,,황태국수,400,옛날왕돈가스,400,부추전,250,,,키위드레싱샐러드/피클,80,,,,,,,,,(New)돈갈비김치찌개,300 kcal
,"(New)인도커리&난,550 kcal",,가자미엿장조림,320 kcal,감자그라탕,250 kcal,열무나물무침,30,,,,,,,,,홍합짬뽕국,500,오리불고기,350,깐풍연근,220,,,근대나물무침,30,,,,,,,,,(New)인도커리&난,550 kcal
,"바지락살무국,180 kcal",,감자만두*양념,300 kcal,해물동그랑땡,220 kcal,부추팽이겉절이,30,,,,,,,,,맑은콩나물국,120,대패삼겹*파채,350,만두/고구마튀김,350,,,과일주스,80,,,,,,,,,바지락살무국,180 kcal
,"매운쇠고기샤브샤브,400 kcal",,해물돼지갈비찜,400 kcal,하와이안샐러드,150 kcal,무말랭이무침,20,,,,,,,,,옹심이감자국,350,돈육매콤조림,300,당면계란만두,300,,,열무나물무침,35,,,,,,,,,매운쇠고기샤브샤브,400 kcal
,"호박된장국,180 kcal",,차돌박이숙주볶음,300 kcal,멸치호두볶음,180 kcal,시금치고추장무침,35,,,,,,,,,미소된장국,120,등뼈김치찜,400,모듬묵샐러드,150,,,수제피클/음료,50,,,,,,,,,호박된장국,180 kcal
,"소고기떡국,220 kcal",,레몬유린기,420 kcal,고구마튀김,220 kcal,오이소박이,25,,,,,,,,,꼬치어묵매운탕,180,까르보나라떡볶이,400,동태전,250,,,유채나물된장무침,30,,,,,,,,,소고기떡국,220 kcal
,"유부된장국,200 kcal",,짜장닭볶음,350 kcal,김치찐만두,200 kcal,돈나물유자청무침,30,,,,,,,,,손수제비국,400,해물까스*칠리소스,400,굴소스볶음밥/샐러드,350,,,양배추샐러드/귤,50,,,,,,,,,유부된장국,200 kcal
,"오리들깨탕,250 kcal",,칠리새우,450 kcal,비엔나컬리플라워조림,220 kcal,단무지/쨔샤이무침,25,,,,,,,,,순두부백탕*양념장,250,소고기낙지볶음,350,핫도그,350,,,마늘빵/주스,150,,,,,,,,,오리들깨탕,250 kcal
,"콩나물맑은국,120 kcal",,오리양념불고기*쌈무,350 kcal,시저샐러드,200 kcal,사과오이초무침,30,,,,,,,,,맑은버섯닭개장,180,마늘치킨,350,해물동그랑땡전,300,,,양배추샐러드/주스,50,,,,,,,,,콩나물맑은국,120 kcal
,"콩나물김칫국,120 kcal",,삼겹살수육&풋고추,350 kcal,동태전/새송이전,180 kcal,해파리냉채,30,,,,,,,,,아귀매운탕,250,파닭,350,샐러드파스타,180,,,구이김,10,,,,,,,,,콩나물김칫국,120 kcal
,"계란파국,220 kcal",,고추튀김,400 kcal,달래두부무침,100 kcal,쌈무/양파절임/부추겉절이,30,,,,,,,,,(New)장수제비,400,치킨샐러드,250,두부계란부침*양념,220,,,단무지/주스,50,,,,,,,,,계란파국,220 kcal
,"전주식콩나물해장국,320 kcal",,후르츠탕수육,450 kcal,야채계란말이,200 kcal,양파짱아찌,20,,,,,,,,,미니쌀국수,300,치즈함박스테이크,350,비빔만두,300,,,오이피클/과일,50,,,,,,,,,전주식콩나물해장국,320 kcal
,,,소고기브로컬리볶음,300 kcal,쫄면,250 kcal,호두견과류강정,180,,,,,,,,,감자양파국,150,통새우또띠아,250,명란계란찜,220,,,진미채무침,40,,,,,,,,,,
,,,고구마고로케,400 kcal,야채비빔만두,200 kcal,오이맛살초무침,35,,,,,,,,,옹심이국,350,훈제오리불고기,250,찐옥수수,150,,,무피클/사과주스,50,,,,,,,,,,
,,,치즈닭갈비,350 kcal,두부카프레제,150 kcal,오복지/찐햇감자,80,,,,,,,,,맑은버섯국,120,부추전,180,두부구이,220,,,홍시드레싱샐러드/음료,80,,,,,,,,,,
,,,LA갈비구이,400 kcal,버섯볶음,120 kcal,양배추쌈*젓장,35,,,,,,,,,순두부백탕,250,삼겹보쌈,400,비엔나야채볶음,250,,,치킨무/사과오이무침,50,,,,,,,,,,
,,,육전,350 kcal,사각어묵무침,150 kcal,고추잎나물,25,,,,,,,,,북어짬뽕국,500,미니떡갈비조림,250,햄치즈또띠아,350,,,파인애플주스,80,,,,,,,,,,
,,,바질페스토스파게티,350 kcal,상추쌈/고추/마늘,30 kcal,쨔샤이무침,20,,,,,,,,,미니쫄우동*맛살튀김,400,복주머니딤섬*장,250,순대볶음,300,,,상추파무침,25,,,,,,,,,,
,,,우엉불고기,300 kcal,콘샐러드,200 kcal,비름나물된장무침,30,,,,,,,,,,,해물전,250,신김치도토리묵,180,,,락교/오렌지,80,,,,,,,,,,
,,,오향장육,400 kcal,코다리조림,300 kcal,레몬미역초무침,25,,,,,,,,,옹심이국,,간장불고기,350,오이초무침,100,,,부추겉절이,30,,,,,,,,,,
,,,춘천닭갈비,300 kcal,도토리묵야채무침,120 kcal,도토리묵야채무침,60,,,,,,,,,맑은버섯국,,주꾸미삼겹살볶음,350,어묵잡채,200,,,무비트생채(초절이),30,,,,,,,,,,
,,,고구마치즈돈까스,450 kcal,돈육장조림,250 kcal,미역무침,20,,,,,,,,,순두부백탕,,해물파전,300,모듬소세지,350,,,오이무침/과일,50,,,,,,,,,,
,,,카레닭볶음,320 kcal,신김치도토리묵,120 kcal,송편/식혜/과일,150,,,,,,,,,북어짬뽕국,,해물까스,400,감자치즈구이,250,,,방울토마토/요플레,50,,,,,,,,,,
,,,수원왕갈비,400 kcal,흑임자연근샐러드,80 kcal,꽃상추겉절이,20,,,,,,,,,미니쫄우동*맛살튀김,,고추잡채&꽃빵,320,어묵무침,120,,,시저샐러드,150,,,,,,,,,,
,,,깻잎전,300 kcal,물만두,200 kcal,파스타샐러드,180,,,,,,,,,,,수제돈가스&소스,400,단호박계란찜,220,,,단무지/오렌지,50,,,,,,,,,,
,,,장어구이*소스,400 kcal,어묵꽈리볶음,150 kcal,야채스틱,20,,,,,,,,,,,계란떡볶이,300,흑임자곤약샐러드,150,,,또띠아견과칩/음료,150,,,,,,,,,,
,,,삼겹살더덕고추장구이,350 kcal,주꾸미야채무침,120 kcal,양파절임/부추생채,25,,,,,,,,,,,모듬버섯탕수육,250,버섯잡채,200,,,브로컬리*초장,35,,,,,,,,,,
,,,해물전,300 kcal,아삭고추무침,50 kcal,단무지/바나나,70,,,,,,,,,,,동파육,400,웨지감자,200,,,야채샐러드/과일,80,,,,,,,,,,
,,,히레카츠*소스,450 kcal,치킨샐러드,200 kcal,숙주나물무침,25,,,,,,,,,,,멘보샤*칠리S,400,두부커틀릿,220,,,단호박팥찜,100,,,,,,,,,,
,,,해물섞어찜,400 kcal,파프리카잡채,220 kcal,식혜,70,,,,,,,,,,,등갈비오븐구이,400,모듬소세지볶음,350,,,야채스틱*쌈장,50,,,,,,,,,,
,,,냉족발야채무침,350 kcal,사과고구마그라탱,250 kcal,무비트생채,25,,,,,,,,,,,메추리알치즈떡볶이,300,새송이고추장구이,180,,,찐옥수수/무피클,100,,,,,,,,,,
,,,떡갈비,320 kcal,모히토과일샐러드,80 kcal,수제피클/음료,50,,,,,,,,,,,닭불고기,350,감자범벅/양배추샐러드,200,,,부추생채/상추쌈,40,,,,,,,,,,
,,,바싹불고기*양파초절임,320 kcal,자반고등어구이,320 kcal,피클/방울토마토,25,,,,,,,,,,,묵은지닭찜,350,매쉬드포테이토,250,,,콩조림,80,,,,,,,,,,
,,,생선까스*타르,450 kcal,비엔나컬리플라워볶음,220 kcal,실곤약흑임자무침,40,,,,,,,,,,,미트볼피망볶음,250,감자범벅/피클,200,,,또띠아칩/음료,150,,,,,,,,,,
,,,야채비빔만두,300 kcal,갈치무조림,320 kcal,아몬드멸치볶음/과일,90,,,,,,,,,,,팽이장국,50,맛살전,250,,,감자튀김/무피클,120,,,,,,,,,,
,,,해물부추전,300 kcal,양장피,250 kcal,군고구마/과일,120,,,,,,,,,,,삼치튀김*데리야끼,300,도토리묵야채무침,120,,,아오리사과,60,,,,,,,,,,
,,,오삼불고기,320 kcal,갈비만두,220 kcal,비트무생채/요플레,60,,,,,,,,,,,돈육고구마강정,350,김말이&만두튀김,350,,,치킨무,25,,,,,,,,,,
,,,양파링카레튀김,400 kcal,연두부*장,100 kcal,유채겉절이,30,,,,,,,,,,,생야채*쌈짱,60,떡꼬지,150,,,양상추샐러드,50,,,,,,,,,,
,,,매운돈갈비찜,400 kcal,미트볼조림,220 kcal,가래떡츄러스,150,,,,,,,,,,,더덕고추장불고기,350,자기개발의날,0,,,멸치볶음,90,,,,,,,,,,
,,,홍어미나리초무침,280 kcal,쇠고기두부찜,250 kcal,연두부*장,50,,,,,,,,,,,오징어어묵무침,120,모짜렐라핫도그,350,,,꽃맛살샐러드,50,,,,,,,,,,
,,,부추고추전*간장,300 kcal,감자범벅,200 kcal,락교,20,,,,,,,,,,,통마늘너비아니조림,350,가자미양념찜,280,,,단배추겉절이,25,,,,,,,,,,
,,,오징어초무침,280 kcal,또띠아칩,250 kcal,명이절임/부추생채,30,,,,,,,,,,,비프스파게티,350,단호박*팥찜,220,,,김자반,50,,,,,,,,,,
,,,쭈꾸미삼겹고추장볶음,320 kcal,해물콩나물찜,250 kcal,수제피클,20,,,,,,,,,,,소고기메추리알장조림,350,치즈함박스테이크,400,,,아삭고추된장무침,25,,,,,,,,,,
,,,열기어구이,350 kcal,두부커틀릿,220 kcal,치커리사과유자청무침,35,,,,,,,,,,,칠리미트볼조림,250,브로컬리맛살볶음,180,,,도라지오이무침,35,,,,,,,,,,
,,,해물잡채,320 kcal,비엔나감자조림,220 kcal,시금치초무침,30,,,,,,,,,,,고구마떡볶이,300,콘치즈오븐구이,250,,,브로콜리*초장,35,,,,,,,,,,
,,,수제돈가스*소스,450 kcal,애호박전,180 kcal,미역오이초무침,25,,,,,,,,,,,삼겹살야채비빔면,350,바나나,100,,,무우짱아찌,15,,,,,,,,,,
,,,양장피,320 kcal,콘치즈오븐구이,250 kcal,세발나물생채,25,,,,,,,,,,,돈육두릅장조림,300,쫑상추무침,120,,,락교/과일,50,,,,,,,,,,
,,,깻잎통닭*치킨소스,450 kcal,깐풍두부,200 kcal,오이무침/귤,35,,,,,,,,,,,달래새우전,250,모듬튀김,200,,,부추생채/쌈무,40,,,,,,,,,,
,,,만가닥버섯불고기,280 kcal,모듬묵흑임자샐러드,80 kcal,보름나물,30,,,,,,,,,,,오리훈제마늘볶음,300,감자비엔나볶음,250,,,사과푸딩,150,,,,,,,,,,
,,,삼겹살수육,350 kcal,어묵꽈리고추조림,150 kcal,또띠아칩,150,,,,,,,,,,,오삼불고기,350,감자튀김*케찹,200,,,모듬묵*장,50,,,,,,,,,,
,,,후라이드*강정소스,450 kcal,모듬묵*장,120 kcal,호박채나물,30,,,,,,,,,,,꽃삼겹김치찜,400,치킨퀘사디야,400,,,무말랭이,35,,,,,,,,,,
,,,새우까스*소스,450 kcal,꼬들단무지무침,50 kcal,치커리만다린무침,35,,,,,,,,,,,매운돈갈비찜,400,숙주미나리잡채,200,,,물미역초무침,30,,,,,,,,,,
,,,오리대패불고기,350 kcal,애기새송이버섯볶음,120 kcal,치킨무/돌나물무침,40,,,,,,,,,,,로제찜닭*마늘빵,400,만두튀김,300,,,장아찌/피크닉,50,,,,,,,,,,
,,,돈갈비찜,400 kcal,가지완자튀김,220 kcal,브로컬리,40,,,,,,,,,,,갈릭파닭,350,어묵피망볶음,200,,,연근샐러드,50,,,,,,,,,,
,,,쭈삼불고기,320 kcal,야채스틱,50 kcal,아삭고추쌈장무침,25,,,,,,,,,,,조기구이,280,만두찜,300,,,귤/음료,80,,,,,,,,,,
,,,닭다리바베큐오븐구이,350 kcal,브로컬리,30 kcal,고춧잎볶음,25,,,,,,,,,,,새우로제파스타,350,오징어초무침,120,,,파채*소스/쌈무,50,,,,,,,,,,
,,,생선까스&소스,450 kcal,햄계란말이,220 kcal,고추장고구마순무침,50,,,,,,,,,,,닭윙강정튀김,350,해물겨자냉채,220,,,참나물겉절이,30,,,,,,,,,,
,,,매운쇠고기버섯볶음,320 kcal,봄동전*양념,200 kcal,미역초무침,25,,,,,,,,,,,물만두탕수*소스,300,나초콥샐러드,200,,,애호박새우젓볶음,50,,,,,,,,,,
,,,오징어볶음&소면사리,350 kcal,김치고기전,220 kcal,참나물생채무침,30,,,,,,,,,,,춘장돈육볶음,350,토마토시금치달걀볶음,220,,,봄동쌈,40,,,,,,,,,,
,,,바베큐폭립,400 kcal,오이&당근*쌈장,50 kcal,배추깻잎*쌈장,40,,,,,,,,,,,매운등뼈조림,400,오징어야채무침,250,,,오이무피클,15,,,,,,,,,,
,,,살살치킨&칠리소스,450 kcal,백김치,20 kcal,치커리오이무침,35,,,,,,,,,,,고구마까스*소스,220,김말이강정,300,,,시금치샐러드,50,,,,,,,,,,
,,,매콤해물볶음,320 kcal,시금치부침개,150 kcal,부추무침/살구복숭아주스,50,,,,,,,,,,,고추튀김,100,생선가스,400,,,생파김치,20,,,,,,,,,,
,,,콩나물두루치기,300 kcal,오렌지자몽샐러드,80 kcal,간장깻잎지/음료,40,,,,,,,,,,,닭가슴살겨자무침,200,쇠고기두부찜,350,,,미나리나물무침,30,,,,,,,,,,
,,,카레닭찜,320 kcal,참치야채샐러드,100 kcal,유채나물무침,30,,,,,,,,,,,갈치튀김,300,고구마맛탕,220,,,키위그린샐러드,80,,,,,,,,,,
,,,적어구이&양념장,350 kcal,주꾸미세비체샐러드,120 kcal,짜요짜요,150,,,,,,,,,,,코코넛새우튀김,350,미니햄버거,350,,,오이쑥갓겉절이,30,,,,,,,,,,
,,,돈사태김치찜,400 kcal,해물잡채,220 kcal,참나물땅콩가루무침,60,,,,,,,,,,,구슬떡볶이,300,맛살냉채,180,,,낙지젓무침,50,,,,,,,,,,
,,,(New)궁보계정,350 kcal,연어스테이크,350 kcal,비트무피클,25,,,,,,,,,,,깐쇼새우,350,명태조림,280,,,참나물들깨무침,40,,,,,,,,,,
,,,마파두부,300 kcal,꼬막미나리초무침,150 kcal,양배추,20,,,,,,,,,,,채소튀김*장,250,닭살겨자채,220,,,고등어(국내산),250,,,,,,,,,,
,,,대패삽겹숙주볶음,350 kcal,황태포무침,120 kcal,가지나물무침,40,,,,,,,,,,,쌈추전*간장,180,야채쫄면무침,200,,,파김치,30,,,,,,,,,,
,,,생선까스*소스,450 kcal,연어훈제샐러드,150 kcal,자몽에이드,100,,,,,,,,,,,닭카레볶음,350,비엔나감자조림,250,,,하루야채주스,80,,,,,,,,,,
,,,짜장소스,150 kcal,모듬소세지버섯구이,320 kcal,문어오이미역초무침,50,,,,,,,,,,,해물누룽지,400,고등어구이,280,,,무피클/요구르트,50,,,,,,,,,,
,,,수육*새우젓*쌈장,350 kcal,브로콜리새송이메추리알조림,120 kcal,양파호박채나물,30,,,,,,,,,,,생선까스*타르타르소스,400,버섯들깨나물,180,,,베리베리퐁당요플레,120,,,,,,,,,,
,,,수완왕갈비맛통닭,450 kcal,황태채마늘쫑무침,120 kcal,오이무초무침,25,,,,,,,,,,,열무비빔국수,250,수제고로케,350,,,바게뜨,150,,,,,,,,,,
,,,(New)수제어묵소세지핫도그,420 kcal,춘권튀김*칠리드레질,220 kcal,콩나물부추무침,35,,,,,,,,,,,매운사태찜,400,물파래전,250,,,무채유자무침,25,,,,,,,,,,
,,,오리고추장불고기,350 kcal,곰취,50 kcal,꼬시래기무초무침,20,,,,,,,,,,,갈치무조림,330,또띠아피자,400,,,청경채김치,30,,,,,,,,,,
,,,목살찹스테이크,350 kcal,견과류연근조림,180 kcal,통오이고추무침,25,,,,,,,,,,,섭산적고추장구이,350,해물동그랑땡,300,,,멸치견과류볶음,90,,,,,,,,,,
,,,(New)고추마요치킨,420 kcal,크레미계란말이,200 kcal,새송이*가지구이/양념,50,,,,,,,,,,,사골파국,50,브로컬리새우전,250,,,오징어젓갈무침,50,,,,,,,,,,
,,,콩나물파채불고기,300 kcal,두부참치조림,180 kcal,호박숙*양념장,40,,,,,,,,,,,오징어불고기,250,마늘빵/감자튀김,250,,,오이소박이,20,,,,,,,,,,
,,,닭다리살스테이크,350 kcal,오징어링,150 kcal,감자채볶음,60,,,,,,,,,,,알리오올리오파스타,350,고구마샐러드,180,,,청포묵야채무침,35,,,,,,,,,,
,,,매운소불고기,320 kcal,골뱅이야채무침,250 kcal,고추장누들떡볶이,250,,,,,,,,,,,꽁치양파조림,330,양배추샐러드/모닝빵,180,,,짜사이채무침,40,,,,,,,,,,
,,,두부강정,300 kcal,야채스틱*견과쌈장,80 kcal,꽈리고추찹쌀무침,40,,,,,,,,,,,춘천닭갈비,350,매생이전,250,,,꿔바로우탕수육*소스,300,,,,,,,,,,
,,,바베큐장각오븐구이,400 kcal,블랙페퍼쉬림프,220 kcal,명엽채볶음,50,,,,,,,,,,,고구마치즈돈까스,400,고추,20,,,숙주미나리무침,30,,,,,,,,,,
,,,(New)하와이언치즈함박스테이크,350 kcal,비빔메밀면,250 kcal,견과류멸치볶음,90,,,,,,,,,,,샤워크림새우,350,시금치프리타타,220,,,짠지오이무침,15,,,,,,,,,,
,,,장어고추장양념구이,400 kcal,만두탕수육,250 kcal,청경채만다린생채,35,,,,,,,,,,,등심찹쌀꿔바로우,400,연근튀김*칠리소스,220,,,쫑상추새콤무침,25,,,,,,,,,,
,,,(New)해물보쌈&채소숙회,350 kcal,두릅소고기샐러드,120 kcal,모듬야채쌈,40,,,,,,,,,,,매운떡볶이,300,개성감자만두,300,,,섬초무침,30,,,,,,,,,,
,,,돈갈비양념구이,400 kcal,야채고로케,200 kcal,매실짱아찌,20,,,,,,,,,,,비빔채소만두,200,짜샤이볶음,150,,,취나물무침,30,,,,,,,,,,
,,,갈릭순살치킨,420 kcal,맛살떡샐러드,80 kcal,깻잎순무침,30,,,,,,,,,,,묵은지닭볶음탕,350,쫄면비빔만두,300,,,브로컬리초회,35,,,,,,,,,,
,,,쭈꾸미삼겹살볶음,320 kcal,토마토프리타타,150 kcal,고구마순볶음,50,,,,,,,,,,,돈육고추장불고기,350,건파래볶음,150,,,오이선,20,,,,,,,,,,
,,,치킨까스&소스,450 kcal,모듬어묵볶음,150 kcal,과일요거트샐러드,120,,,,,,,,,,,삼치엿장구이,280,수수부꾸미,250,,,사과오이생채,30,,,,,,,,,,
,,,(New)연어스테이크,350 kcal,메밀전병*간장,200 kcal,감자채파프리카볶음,60,,,,,,,,,,,고추잡채,320,달래오이생채,120,,,배/,60,,,,,,,,,,
,,,된장찌개,200 kcal,어묵잡채,150 kcal,양배추숙쌈&쌈장,35,,,,,,,,,,,숯불양념꼬치어묵,150,간장계란장,220,,,치커리깨소스무침,25,,,,,,,,,,
,,,묵은지닭볶음탕,320 kcal,콩나물맛살냉채,100 kcal,통들깨부추무침,60,,,,,,,,,,,비빔칼국수,300,콘치즈구이,250,,,김구이*양념장,15,,,,,,,,,,
,,,고기완자전,300 kcal,채소스틱&쌈장,50 kcal,도라지오이초무침,30,,,,,,,,,,,치킨까스*소스,400,쇠고기:국산,350,,,매운콩나물무침,40,,,,,,,,,,
,,,(New)짜파치킨,420 kcal,건새우호박채전,180 kcal,무채와사비무침/콩자반,60,,,,,,,,,,,언양식바싹불고기,350,한식잡채,200,,,상추부추무침,30,,,,,,,,,,
,,,대패삼겹살볶음,350 kcal,쌈채소&쌈장,50 kcal,숙주미나리무침,35,,,,,,,,,,,돈육가지두반장볶음,300,과일플레인샐러드,150,,,감자채볶음,90,,,,,,,,,,
,,,찰떡떡갈비조림,320 kcal,만두찜*간장,200 kcal,깍둑오이초무침,25,,,,,,,,,,,아쿠아돈까스,400,오렌지,80,,,부추오리엔탈무침,35,,,,,,,,,,
,,,수제탕수육,450 kcal,두부커틀렛*칠리,220 kcal,모둠채소무침,40,,,,,,,,,,,제육간장불고기,350,꽁치감자조림,280,,,꽈배기도너츠/요구르트,200,,,,,,,,,,
,,,매운족발볶음,400 kcal,도토리묵*양념간장,120 kcal,브로콜리숙회*초장,40,,,,,,,,,,,가자미엿장구이,280,두부카프레제샐러드,220,,,치커리배생채,30,,,,,,,,,,
,,,골뱅이채소무침,280 kcal,가지찜,120 kcal,치킨무/콘슬로우,50,,,,,,,,,,,새우까스*소스,400,녹두빈대떡,250,,,무나물들깨볶음,40,,,,,,,,,,
,,,오리주물럭,350 kcal,호박새우젓볶음,150 kcal,꽈리고추감자조림,70,,,,,,,,,,,우불고기,350,사과양상추샐러드,150,,,,,,,,,,,,,,
,,,알리오올리오파스타,350 kcal,두부맛전,200 kcal,풋고추/마늘*새우젓,30,,,,,,,,,,,궁중떡볶이,300,김치미나리전,250,,,,,,,,,,,,,,
,,,New)요거닭,420 kcal,실곤약냉채,50 kcal,브로콜리깨소스무침,60,,,,,,,,,,,오징어채소볶음,250,자몽샐러드,100,,,,,,,,,,,,,,
,,,쇠고기당면볶음,320 kcal,토마토스크램블,150 kcal,마늘종숙회,40,,,,,,,,,,,닭간장볶음,350,옥수수볼맛탕,200,,,,,,,,,,,,,,
,,,제육고추장불고기,320 kcal,가자미엿장구이,300 kcal,삼색콜리*초고추장,50,,,,,,,,,,,소고기계란장조림,300,그린빈베이컨볶음,220,,,,,,,,,,,,,,
,,,(New)버터치킨카레소스,450 kcal,모둠쌈*쌈장,50 kcal,오이양파무침,30,,,,,,,,,,,갈치카레구이,330,그린요거트샐러드,150,,,,,,,,,,,,,,
,,,돼지간장불고기,320 kcal,미나리초무침,50 kcal,파프리카해초무침,30,,,,,,,,,,,오징어순대,250,야채부케*쌈장,120,,,,,,,,,,,,,,
,,,닭간장조림,300 kcal,어묵고추장떡,150 kcal,유부채소겨자냉채,50,,,,,,,,,,,가래떡오븐구이,220,스팸,350,,,,,,,,,,,,,,
,,,팽이장국,200 kcal,골뱅이채소무침,250 kcal,근대나물,30,,,,,,,,,,,등심찹쌀꿔바로우,400,삼치데리야끼,280,,,,,,,,,,,,,,
,,,(New)교촌윙,450 kcal,오징어튀김*초간장,250 kcal,더덕무침,30,,,,,,,,,,,고등어김치찜,330,꼬치어묵떡볶이,300,,,,,,,,,,,,,,
,,,삼겹살김치볶음,320 kcal,꽈리고추메추리알조림,120 kcal,청경채깨장나물,35,,,,,,,,,,,코코뱅,400,두부/김치볶음,220,,,,,,,,,,,,,,
,,,훈제오리마늘볶음,350 kcal,분홍소시지전/새송이전,220 kcal,참나물두부무침,60,,,,,,,,,,,돈육김치볶음,300,계란장조림,220,,,,,,,,,,,,,,
,,,(New)캔꽁치튀김,450 kcal,아귀순살찜,250 kcal,부추와사비무침,40,,,,,,,,,,,고추튀김*장,100,돈채호박볶음,200,,,,,,,,,,,,,,
,,,해물완자전,350 kcal,해파리무침,80 kcal,상추무침*양념장,30,,,,,,,,,,,시래기삼치조림,280,루꼴라샐러드,150,,,,,,,,,,,,,,
,,,(New)탄두리치킨,450 kcal,양배추/케일숙쌈*양념간장,50 kcal,고구마순무침,50,,,,,,,,,,,돈사태떡찜,400,수제어묵볶음,200,,,,,,,,,,,,,,
,,,수제돈까스&소스,450 kcal,타꼬야끼,220 kcal,검은깨올방개묵무침,60,,,,,,,,,,,닭간장조림,350,계란후라이,90,,,,,,,,,,,,,,
,,,하와이언함박스테이크,350 kcal,부들어묵볶음,150 kcal,더덕오이생채,30,,,,,,,,,,,등심돈까스,400,새우미역초무침,120,,,,,,,,,,,,,,
,,,(New)국물쪼리닭,320 kcal,브로콜리버섯볶음,120 kcal,삼색유자청무침,35,,,,,,,,,,,대패삼겹숙주볶음,350,가자미구이,280,,,,,,,,,,,,,,
,,,봉추찜닭,350 kcal,단호박/김말이튀김,220 kcal,노각생채,25,,,,,,,,,,,삼치구이*데리야끼소스,280,어묵잡채볶음,200,,,,,,,,,,,,,,
,,,돈육도라지고추장볶음,320 kcal,채소계란말이,200 kcal,가지고추장무침,40,,,,,,,,,,,김말이강정,250,깻잎전,250,,,,,,,,,,,,,,
,,,꽁치한마리레몬구이,350 kcal,갈릭버섯탕수,220 kcal,호박채나물볶음,40,,,,,,,,,,,고르곤졸라피자,350,비타민흑임자샐러드,150,,,,,,,,,,,,,,
,,,매운소고기낙지볶음,320 kcal,모둠쌈*씨앗쌈장,50 kcal,부추샐러드*오리엔탈,80,,,,,,,,,,,제육춘장볶음,350,샐러리샐러드,150,,,,,,,,,,,,,,
,,,(New)허니순살치킨,420 kcal,버섯메추리알장조림,150 kcal,쫄면채소무침,180,,,,,,,,,,,가지탕수,250,김치고기전,250,,,,,,,,,,,,,,
,,,돈육두루치기,320 kcal,김치빈대떡,200 kcal,양배추숙쌈,20,,,,,,,,,,,스태프핫도그,300,회오리감자,200,,,,,,,,,,,,,,
,,,고등어구이*와사비장,350 kcal,한식잡채,220 kcal,취나물쌈장무침,35,,,,,,,,,,,쇠고기육전,300,감자프리타타,220,,,,,,,,,,,,,,
,,,삼겹살김치찜,400 kcal,코다리강정,250 kcal,와사비무쌈,40,,,,,,,,,,,순대채소볶음,250,야채스틱/부추무침,120,,,,,,,,,,,,,,
,,,수제함박스테이크,350 kcal,삼색만두채소무침,150 kcal,미나리초장무침,30,,,,,,,,,,,주꾸미채소볶음,250,실곤약야채무침,100,,,,,,,,,,,,,,
,,,요거닭,420 kcal,(New)수제오미산적,250 kcal,미트볼채소볶음,120,,,,,,,,,,,돈까스김치나베,400,햄계란말이,250,,,,,,,,,,,,,,
,,,교촌간장치킨,450 kcal,치킨핑거,350 kcal,할라피뇨채소피클,25,,,,,,,,,,,순살닭강정,350,양상추메추리알샐러드,150,,,,,,,,,,,,,,
,,,,,마카로니치즈범벅,350 kcal,건새우호박볶음,70,,,,,,,,,,,자반고등어찜,330,동태포전,250,,,,,,,,,,,,,,
,,,,,군만두*장,200 kcal,통도라지고추장구이,50,,,,,,,,,,,백종원의사라다빵,250,옥수수콘치즈,250,,,,,,,,,,,,,,
,,,,,매콤볼어묵볶음,150 kcal,부추고추장무침,35,,,,,,,,,,,자장소스,50,고갈비구이,280,,,,,,,,,,,,,,
,,,,,콩나물볶음,80 kcal,감자조림,70,,,,,,,,,,,우불고기볶음,350,김말이,300,,,,,,,,,,,,,,
,,,,,순대채소볶음,180 kcal,파프리카감자채볶음,60,,,,,,,,,,,퀘사디아,400,섭산적표고굴소스볶음,250,,,,,,,,,,,,,,
,,,,,(New)빠네파스타,350 kcal,시금치고추장나물,35,,,,,,,,,,,꽁채캔김치조림,330,새송이버섯장조림,180,,,,,,,,,,,,,,
,,,,,채소탕수(연근/브로콜리/단호박),220 kcal,청양부추전,80,,,,,,,,,,,몽골식돈육볶음&꽃빵,350,쇠고기우엉볶음,220,,,,,,,,,,,,,,
,,,,,비엔나떡조림,220 kcal,도라지나물볶음,50,,,,,,,,,,,채소볶음우동,400,부들어묵볶음,200,,,,,,,,,,,,,,
,,,,,주꾸미브로콜리숙회,120 kcal,브로콜리쌈장무침,40,,,,,,,,,,,방어양념장구이,350,오징어땅콩조림,220,,,,,,,,,,,,,,
,,,,,김말이강정,250 kcal,쌈추/와사비무쌈*쌈장,40,,,,,,,,,,,목살스테이크,400,볼어묵고추장볶음,200,,,,,,,,,,,,,,
,,,,,고구마순볶음,180 kcal,연근유자피클,40,,,,,,,,,,,수제부들어묵잡채튀김,250,미역줄기볶음,120,,,,,,,,,,,,,,
,,,,,꽁치캔김치조림,320 kcal,토마토계란볶음,80,,,,,,,,,,,돈수육*쌈장,400,군만두*초간장,300,,,,,,,,,,,,,,
,,,,,춘권튀김*칠리소스,220 kcal,버섯잡채,70,,,,,,,,,,,아롱사태샐러드*들깨소스,250,감자채파프리카볶음,250,,,,,,,,,,,,,,
,,,,,고추장누들떡볶이,300 kcal,브로콜리숙회,40,,,,,,,,,,,묵은지삼겹살찜,400,소떡소떡,220,,,,,,,,,,,,,,
,,,,,버섯초무침,120 kcal,유부채소겨자무침,50,,,,,,,,,,,단호박치즈해물찜,250,김계란말이,250,,,,,,,,,,,,,,
,,,,,오이볶음,50 kcal,채소스틱&쌈장/석박지,40,,,,,,,,,,,낙지볶음*소면,350,도넛츠/비트채소절임,200,,,,,,,,,,,,,,
,,,,,알배기/깻잎/생강채*쌈장,50 kcal,상추/쑥갓쌈&쌈장,40,,,,,,,,,,,치킨까스*데미소스,400,이색전(가지,250,,,,,,,,,,,,,,
,,,,,츄러스채소맛탕,220 kcal,(New)수제참나물장아찌,30,,,,,,,,,,,수제등심찹쌀꿔바로우,400,샐러드*오리엔탈D,180,,,,,,,,,,,,,,
,,,,,두반장가지볶음,180 kcal,돌나물유자청무침/포기김치,35,,,,,,,,,,,해물볶음,400,취나물볶음,150,,,,,,,,,,,,,,
,,,,,임연수무조림,320 kcal,도라지볶음,50,,,,,,,,,,,딤섬,250,쫄면채소무침,200,,,,,,,,,,,,,,
,,,,,단호박어묵탕수,220 kcal,부추양파무침,30,,,,,,,,,,,수제오징어튀김,300,코다리무조림,280,,,,,,,,,,,,,,
,,,,,아귀콩나물찜,250 kcal,오이쑥갓생채,30,,,,,,,,,,,쇠고기청경채볶음,300,순대찜*소금,300,,,,,,,,,,,,,,
,,,,,차돌비빔국수,300 kcal,솎음열무나물,30,,,,,,,,,,,칠리가지탕수,250,포테이토오븐구이,250,,,,,,,,,,,,,,
,,,,,돼지고추장불고기,320 kcal,고추장감자조림,70,,,,,,,,,,,오징어떡볶음,300,콘치즈,250,,,,,,,,,,,,,,
,,,,,생선까스&타르타르소스,350 kcal,이연복의,250,,,,,,,,,,,참치김치볶음,300,채소쌈*쌈장,120,,,,,,,,,,,,,,
,,,,,방풍나물,50 kcal,쑥갓나물,30,,,,,,,,,,,어떡햄,250,감자햄조림,250,,,,,,,,,,,,,,
,,,,,적어양념장구이,250 kcal,채소프리타타,100,,,,,,,,,,,돈갈비찜,400,연유꽃빵튀김,250,,,,,,,,,,,,,,
,,,,,당면채소무침,150 kcal,양배추/다시마쌈*씨앗쌈장,40,,,,,,,,,,,페퍼로니치즈피자,400,오이볶음,120,,,,,,,,,,,,,,
,,,,,어묵고추장볶음,150 kcal,어묵간장조림,70,,,,,,,,,,,해물까스&타르타르D,400,새우만두*장,300,,,,,,,,,,,,,,
,,,,,과일그라탕,80 kcal,크래미해초무침,40,,,,,,,,,,,소고기콜라비조림,300,연근조림,220,,,,,,,,,,,,,,
,,,,,매콤해물볶음,250 kcal,알배기/상추*쌈장,40,,,,,,,,,,,인절미치킨,350,녹두빈대떡*장,250,,,,,,,,,,,,,,
,,,,,해물까스*타르타르소스,350 kcal,진미채오이무침,70,,,,,,,,,,,순대들깨볶음,250,고추튀김*장,220,,,,,,,,,,,,,,
,,,,,청경채/버섯숙회*초장,120 kcal,풋고추양파쌈장무침,25,,,,,,,,,,,수제치킨까스,400,자반고등어구이,280,,,,,,,,,,,,,,
,,,,,개성식메밀부침개,180 kcal,건취나물볶음,50,,,,,,,,,,,낙지미나리볶음,250,새우튀김*크림소스,350,,,,,,,,,,,,,,
,,,,,수제두부까스&하이소스,350 kcal,달래무침,25,,,,,,,,,,,만가닥버섯불고기,300,토마토계란찜,220,,,,,,,,,,,,,,
,,,,,메추리알탕수,150 kcal,냉이나물무침,30,,,,,,,,,,,브로콜리깨소스무침,150,밀떡볶이/허니슈스트링감자,300,,,,,,,,,,,,,,
,,,,,두부고기양념찜,250 kcal,마파무조림,70,,,,,,,,,,,삼치양념구이,280,감자채카레볶음,250,,,,,,,,,,,,,,
,,,,,비엔나채소볶음,220 kcal,파래김,40,,,,,,,,,,,수제맛쵸킹탕수육,400,오꼬노미계란말이,220,,,,,,,,,,,,,,
,,,,,가자미유린기,300 kcal,콩나물잡채,80,,,,,,,,,,,장어강정*데리야끼소스,400,돈채표고버섯볶음,200,,,,,,,,,,,,,,
,,,,,쌈추/깻잎*쌈장,50 kcal,봄동숙*간장양념,30,,,,,,,,,,,수제고기육전,300,꽈리고추찹쌀무침,150,,,,,,,,,,,,,,
,,,,,등심돈까스,450 kcal,아삭이고추된장무침,30,,,,,,,,,,,,,감자양념조림,250,,,,,,,,,,,,,,
,,,,,(New)참치두부전,200 kcal,무쌈채소말이,40,,,,,,,,,,,,,옥수수맛살전,250,,,,,,,,,,,,,,
,,,,,(New)깐풍연근,150 kcal,쪽파무침,25,,,,,,,,,,,,,(NeW)깐풍아귀,350,,,,,,,,,,,,,,
,,,,,고기완자전*케찹,220 kcal,상추쌈,40,,,,,,,,,,,,,해초레몬무침,120,,,,,,,,,,,,,,
,,,,,스팸계란전,250 kcal,매운호박볶음,50,,,,,,,,,,,,,채소튀김*장,200,,,,,,,,,,,,,,
,,,,,메밀전병,200 kcal,생깻잎지,35,,,,,,,,,,,,,마늘쫑메추리알조림,220,,,,,,,,,,,,,,
,,,,,더덕구이,150 kcal,청경채/버섯숙회*초장,50,,,,,,,,,,,,,(New)수제고기깻잎전,250,,,,,,,,,,,,,,
,,,,,갈치감자조림,320 kcal,연두부*달래양념장,50,,,,,,,,,,,,,라볶이,300,,,,,,,,,,,,,,
,,,,,치즈계란찜,250 kcal,,,,,,,,,,,,,,,타꼬야끼,300,,,,,,,,,,,,,,
,,,,,단호박채소전,180 kcal,,,,,,,,,,,,,,,수제마늘바게트,200,,,,,,,,,,,,,,
,,,,,쫄면채소무침,250 kcal,,,,,,,,,,,,,,,스팸계란말이,350,,,,,,,,,,,,,,
,,,,,쌈배추/양상추*쌈장,50 kcal,,,,,,,,,,,,,,,건도토리묵파프리카볶음,150,,,,,,,,,,,,,,
,,,,,가자미무조림,300 kcal,,,,,,,,,,,,,,,두부고기조림,220,,,,,,,,,,,,,,
,,,,,문어꽈리고추조림,250 kcal,,,,,,,,,,,,,,,섭산적데리야끼조림,250,,,,,,,,,,,,,,
,,,,,청양고추계란말이,200 kcal,,,,,,,,,,,,,,,(New)명란연근전,220,,,,,,,,,,,,,,
,,,,,소고기잡채,250 kcal,,,,,,,,,,,,,,,채소스틱,120,,,,,,,,,,,,,,
,,,,,토마토두부카프레제,150 kcal,,,,,,,,,,,,,,,마카로니치즈범벅,250,,,,,,,,,,,,,,
,,,,,(New)파프리카계란전,200 kcal,,,,,,,,,,,,,,,미더덕콩나물찜,200,,,,,,,,,,,,,,
,,,,,고등어김치말이찜,320 kcal,,,,,,,,,,,,,,,꽁치한마리구이*와사비장,280,,,,,,,,,,,,,,
,,,,,오미산적/동태전,250 kcal,,,,,,,,,,,,,,,연두부계란찜,220,,,,,,,,,,,,,,
,,,,,파프리카계란말이,200 kcal,,,,,,,,,,,,,,,(New)수제불고기버거,350,,,,,,,,,,,,,,
,,,,,참치채소볶음,150 kcal,,,,,,,,,,,,,,,진미채무말랭이무침,200,,,,,,,,,,,,,,
,,,,,메추리알짜장떡볶이,300 kcal,,,,,,,,,,,,,,,(New)봉골레파스타,350,,,,,,,,,,,,,,
,,,,,타코야끼,220 kcal,,,,,,,,,,,,,,,오이보트샐러드,150,,,,,,,,,,,,,,
,,,,,두부까스*칠리소스,350 kcal,,,,,,,,,,,,,,,숯불양념꼬치어묵,300,,,,,,,,,,,,,,
,,,,,채소스틱*쌈장,50 kcal,,,,,,,,,,,,,,,(NEW)까르보나라떡볶이,350,,,,,,,,,,,,,,
,,,,,감자채카레볶음,180 kcal,,,,,,,,,,,,,,,햄전&케찹,250,,,,,,,,,,,,,,
,,,,,견과류마카로니범벅,350 kcal,,,,,,,,,,,,,,,양배추샐러드&사우전D,180,,,,,,,,,,,,,,
,,,,,봄동전,200 kcal,,,,,,,,,,,,,,,치즈계란찜,220,,,,,,,,,,,,,,
,,,,,깐풍연근,150 kcal,,,,,,,,,,,,,,,(New)마약계란장조림,220,,,,,,,,,,,,,,
,,,,,옥수수콘치즈구이,250 kcal,,,,,,,,,,,,,,,가지나물,120,,,,,,,,,,,,,,
,,,,,,,,,,,,,,,,,,,,,오이양파무침,120,,,,,,,,,,,,,,
,,,,,,,,,,,,,,,,,,,,,(New)미니에그슬럿버거,350,,,,,,,,,,,,,,
,,,,,,,,,,,,,,,,,,,,,진미채오이무침,200,,,,,,,,,,,,,,
,,,,,,,,,,,,,,,,,,,,,갈치무조림,280,,,,,,,,,,,,,,
,,,,,,,,,,,,,,,,,,,,,감자채전*장,250,,,,,,,,,,,,,,
,,,,,,,,,,,,,,,,,,,,,양념깻잎지,150,,,,,,,,,,,,,,
,,,,,,,,,,,,,,,,,,,,,동그랑땡강정,300,,,,,,,,,,,,,,
,,,,,,,,,,,,,,,,,,,,,미나리무침,120,,,,,,,,,,,,,,
,,,,,,,,,,,,,,,,,,,,,치즈닭갈비/계란후라이,400,,,,,,,,,,,,,,
,,,,,,,,,,,,,,,,,,,,,모둠채소무침,150,,,,,,,,,,,,,,
,,,,,,,,,,,,,,,,,,,,,물만두찜*장,300,,,,,,,,,,,,,,
,,,,,,,,,,,,,,,,,,,,,이색묵(올방개/클로렐라)*양념장,150,,,,,,,,,,,,,,
,,,,,,,,,,,,,,,,,,,,,노가리고추조림,200,,,,,,,,,,,,,,
,,,,,,,,,,,,,,,,,,,,,쇠고기가지조림,280,,,,,,,,,,,,,,
,,,,,,,,,,,,,,,,,,,,,메추리알꽈리고추조림,220,,,,,,,,,,,,,,
,,,,,,,,,,,,,,,,,,,,,브로콜리숙회*초장,250,,,,,,,,,,,,,,
,,,,,,,,,,,,,,,,,,,,,매운떡볶이*순대찜,350,,,,,,,,,,,,,,
,,,,,,,,,,,,,,,,,,,,,새송이버섯조림,180,,,,,,,,,,,,,,
,,,,,,,,,,,,,,,,,,,,,자장소스,50,,,,,,,,,,,,,,
,,,,,,,,,,,,,,,,,,,,,물파래초무침,120,,,,,,,,,,,,,,
,,,,,,,,,,,,,,,,,,,,,매운감자조림,250,,,,,,,,,,,,,,
,,,,,,,,,,,,,,,,,,,,,도토리묵*양념장,150,,,,,,,,,,,,,,
,,,,,,,,,,,,,,,,,,,,,오이선,120,,,,,,,,,,,,,,
,,,,,,,,,,,,,,,,,,,,,골뱅이채소무침&실곤약,250,,,,,,,,,,,,,,
,,,,,,,,,,,,,,,,,,,,,멸치마늘종조림,180,,,,,,,,,,,,,,
,,,,,,,,,,,,,,,,,,,,,베이컨숙주볶음,220,,,,,,,,,,,,,,
,,,,,,,,,,,,,,,,,,,,,팽이버섯채소전,250,,,,,,,,,,,,,,
,,,,,,,,,,,,,,,,,,,,,야채전,200,,,,,,,,,,,,,,
,,,,,,,,,,,,,,,,,,,,,가지마파두부,220,,,,,,,,,,,,,,
,,,,,,,,,,,,,,,,,,,,,팽이버섯부추무침,180,,,,,,,,,,,,,,
,,,,,,,,,,,,,,,,,,,,,어묵깻잎전,250,,,,,,,,,,,,,,
,,,,,,,,,,,,,,,,,,,,,비빔만두채소무침,300,,,,,,,,,,,,,,
,,,,,,,,,,,,,,,,,,,,,메추리알풋고추조림,220,,,,,,,,,,,,,,
,,,,,,,,,,,,,,,,,,,,,건새우호박채전,250,,,,,,,,,,,,,,
,,,,,,,,,,,,,,,,,,,,,비엔나채소볶음,250,,,,,,,,,,,,,,
,,,,,,,,,,,,,,,,,,,,,유부채소겨자냉채,200,,,,,,,,,,,,,,
,,,,,,,,,,,,,,,,,,,,,깻잎쌈*생강채,150,,,,,,,,,,,,,,
,,,,,,,,,,,,,,,,,,,,,쑥갓나물,120,,,,,,,,,,,,,,
,,,,,,,,,,,,,,,,,,,,,마늘쫑볶음,150,,,,,,,,,,,,,,
